file,line,type,commit,author,date,time,timezone,datetime,depth,length
style.css,1,css,05c0f9f1,derrickdollesin,2025-10-10,20:25:32,-07:00,2025-10-10T20:25:32-07:00,0,4
style.css,2,css,05c0f9f1,derrickdollesin,2025-10-10,20:25:32,-07:00,2025-10-10T20:25:32-07:00,2,45
style.css,3,css,05c0f9f1,derrickdollesin,2025-10-10,20:25:32,-07:00,2025-10-10T20:25:32-07:00,2,31
style.css,4,css,05c0f9f1,derrickdollesin,2025-10-10,20:25:32,-07:00,2025-10-10T20:25:32-07:00,0,0
style.css,5,css,05c0f9f1,derrickdollesin,2025-10-10,20:25:32,-07:00,2025-10-10T20:25:32-07:00,0,0
style.css,6,css,2aa8832c,derrickdollesin,2025-10-02,20:35:57,-07:00,2025-10-02T20:35:57-07:00,0,4
style.css,7,css,2aa8832c,derrickdollesin,2025-10-02,20:35:57,-07:00,2025-10-02T20:35:57-07:00,2,23
style.css,8,css,05c0f9f1,derrickdollesin,2025-10-10,20:25:32,-07:00,2025-10-10T20:25:32-07:00,2,15
style.css,9,css,05c0f9f1,derrickdollesin,2025-10-10,20:25:32,-07:00,2025-10-10T20:25:32-07:00,2,42
style.css,10,css,05c0f9f1,derrickdollesin,2025-10-10,20:25:32,-07:00,2025-10-10T20:25:32-07:00,0,0
style.css,11,css,05c0f9f1,derrickdollesin,2025-10-10,20:25:32,-07:00,2025-10-10T20:25:32-07:00,0,0
style.css,12,css,05c0f9f1,derrickdollesin,2025-10-10,20:25:32,-07:00,2025-10-10T20:25:32-07:00,0,0
style.css,13,css,05c0f9f1,derrickdollesin,2025-10-10,20:25:32,-07:00,2025-10-10T20:25:32-07:00,0,5
style.css,14,css,05c0f9f1,derrickdollesin,2025-10-10,20:25:32,-07:00,2025-10-10T20:25:32-07:00,0,0
style.css,15,css,05c0f9f1,derrickdollesin,2025-10-10,20:25:32,-07:00,2025-10-10T20:25:32-07:00,0,0
style.css,16,css,05c0f9f1,derrickdollesin,2025-10-10,20:25:32,-07:00,2025-10-10T20:25:32-07:00,0,14
style.css,17,css,05c0f9f1,derrickdollesin,2025-10-10,20:25:32,-07:00,2025-10-10T20:25:32-07:00,2,16
style.css,18,css,05c0f9f1,derrickdollesin,2025-10-10,20:25:32,-07:00,2025-10-10T20:25:32-07:00,0,0
style.css,19,css,05c0f9f1,derrickdollesin,2025-10-10,20:25:32,-07:00,2025-10-10T20:25:32-07:00,0,0
style.css,20,css,05c0f9f1,derrickdollesin,2025-10-10,20:25:32,-07:00,2025-10-10T20:25:32-07:00,0,3
style.css,21,css,05c0f9f1,derrickdollesin,2025-10-10,20:25:32,-07:00,2025-10-10T20:25:32-07:00,2,12
style.css,22,css,05c0f9f1,derrickdollesin,2025-10-10,20:25:32,-07:00,2025-10-10T20:25:32-07:00,2,17
style.css,23,css,05c0f9f1,derrickdollesin,2025-10-10,20:25:32,-07:00,2025-10-10T20:25:32-07:00,2,23
style.css,24,css,05c0f9f1,derrickdollesin,2025-10-10,20:25:32,-07:00,2025-10-10T20:25:32-07:00,2,25
style.css,25,css,05c0f9f1,derrickdollesin,2025-10-10,20:25:32,-07:00,2025-10-10T20:25:32-07:00,2,37
style.css,26,css,05c0f9f1,derrickdollesin,2025-10-10,20:25:32,-07:00,2025-10-10T20:25:32-07:00,0,0
style.css,27,css,05c0f9f1,derrickdollesin,2025-10-10,20:25:32,-07:00,2025-10-10T20:25:32-07:00,0,0
style.css,28,css,05c0f9f1,derrickdollesin,2025-10-10,20:25:32,-07:00,2025-10-10T20:25:32-07:00,0,5
style.css,29,css,05c0f9f1,derrickdollesin,2025-10-10,20:25:32,-07:00,2025-10-10T20:25:32-07:00,2,6
style.css,30,css,05c0f9f1,derrickdollesin,2025-10-10,20:25:32,-07:00,2025-10-10T20:25:32-07:00,2,20
style.css,31,css,05c0f9f1,derrickdollesin,2025-10-10,20:25:32,-07:00,2025-10-10T20:25:32-07:00,2,13
style.css,32,css,05c0f9f1,derrickdollesin,2025-10-10,20:25:32,-07:00,2025-10-10T20:25:32-07:00,2,17
style.css,33,css,05c0f9f1,derrickdollesin,2025-10-10,20:25:32,-07:00,2025-10-10T20:25:32-07:00,2,13
style.css,34,css,05c0f9f1,derrickdollesin,2025-10-10,20:25:32,-07:00,2025-10-10T20:25:32-07:00,0,0
style.css,35,css,05c0f9f1,derrickdollesin,2025-10-10,20:25:32,-07:00,2025-10-10T20:25:32-07:00,0,0
style.css,36,css,05c0f9f1,derrickdollesin,2025-10-10,20:25:32,-07:00,2025-10-10T20:25:32-07:00,0,13
style.css,37,css,05c0f9f1,derrickdollesin,2025-10-10,20:25:32,-07:00,2025-10-10T20:25:32-07:00,2,43
style.css,38,css,05c0f9f1,derrickdollesin,2025-10-10,20:25:32,-07:00,2025-10-10T20:25:32-07:00,2,20
style.css,39,css,05c0f9f1,derrickdollesin,2025-10-10,20:25:32,-07:00,2025-10-10T20:25:32-07:00,0,0
style.css,40,css,05c0f9f1,derrickdollesin,2025-10-10,20:25:32,-07:00,2025-10-10T20:25:32-07:00,0,0
style.css,41,css,05c0f9f1,derrickdollesin,2025-10-10,20:25:32,-07:00,2025-10-10T20:25:32-07:00,0,11
style.css,42,css,05c0f9f1,derrickdollesin,2025-10-10,20:25:32,-07:00,2025-10-10T20:25:32-07:00,2,45
style.css,43,css,05c0f9f1,derrickdollesin,2025-10-10,20:25:32,-07:00,2025-10-10T20:25:32-07:00,2,57
style.css,44,css,05c0f9f1,derrickdollesin,2025-10-10,20:25:32,-07:00,2025-10-10T20:25:32-07:00,2,20
style.css,45,css,05c0f9f1,derrickdollesin,2025-10-10,20:25:32,-07:00,2025-10-10T20:25:32-07:00,0,0
style.css,46,css,05c0f9f1,derrickdollesin,2025-10-10,20:25:32,-07:00,2025-10-10T20:25:32-07:00,0,0
style.css,47,css,05c0f9f1,derrickdollesin,2025-10-10,20:25:32,-07:00,2025-10-10T20:25:32-07:00,0,0
style.css,48,css,05c0f9f1,derrickdollesin,2025-10-10,20:25:32,-07:00,2025-10-10T20:25:32-07:00,0,5
style.css,49,css,05c0f9f1,derrickdollesin,2025-10-10,20:25:32,-07:00,2025-10-10T20:25:32-07:00,0,0
style.css,50,css,05c0f9f1,derrickdollesin,2025-10-10,20:25:32,-07:00,2025-10-10T20:25:32-07:00,0,0
style.css,51,css,05c0f9f1,derrickdollesin,2025-10-10,20:25:32,-07:00,2025-10-10T20:25:32-07:00,0,4
style.css,52,css,05c0f9f1,derrickdollesin,2025-10-10,20:25:32,-07:00,2025-10-10T20:25:32-07:00,2,12
style.css,53,css,05c0f9f1,derrickdollesin,2025-10-10,20:25:32,-07:00,2025-10-10T20:25:32-07:00,2,30
style.css,54,css,05c0f9f1,derrickdollesin,2025-10-10,20:25:32,-07:00,2025-10-10T20:25:32-07:00,2,7
style.css,55,css,05c0f9f1,derrickdollesin,2025-10-10,20:25:32,-07:00,2025-10-10T20:25:32-07:00,0,0
style.css,56,css,05c0f9f1,derrickdollesin,2025-10-10,20:25:32,-07:00,2025-10-10T20:25:32-07:00,0,0
style.css,57,css,05c0f9f1,derrickdollesin,2025-10-10,20:25:32,-07:00,2025-10-10T20:25:32-07:00,0,10
style.css,58,css,05c0f9f1,derrickdollesin,2025-10-10,20:25:32,-07:00,2025-10-10T20:25:32-07:00,2,12
style.css,59,css,05c0f9f1,derrickdollesin,2025-10-10,20:25:32,-07:00,2025-10-10T20:25:32-07:00,2,29
style.css,60,css,05c0f9f1,derrickdollesin,2025-10-10,20:25:32,-07:00,2025-10-10T20:25:32-07:00,2,18
style.css,61,css,05c0f9f1,derrickdollesin,2025-10-10,20:25:32,-07:00,2025-10-10T20:25:32-07:00,0,0
style.css,62,css,05c0f9f1,derrickdollesin,2025-10-10,20:25:32,-07:00,2025-10-10T20:25:32-07:00,0,0
style.css,63,css,05c0f9f1,derrickdollesin,2025-10-10,20:25:32,-07:00,2025-10-10T20:25:32-07:00,0,11
style.css,64,css,05c0f9f1,derrickdollesin,2025-10-10,20:25:32,-07:00,2025-10-10T20:25:32-07:00,2,18
style.css,65,css,05c0f9f1,derrickdollesin,2025-10-10,20:25:32,-07:00,2025-10-10T20:25:32-07:00,0,0
style.css,66,css,05c0f9f1,derrickdollesin,2025-10-10,20:25:32,-07:00,2025-10-10T20:25:32-07:00,0,0
style.css,67,css,05c0f9f1,derrickdollesin,2025-10-10,20:25:32,-07:00,2025-10-10T20:25:32-07:00,0,0
style.css,68,css,05c0f9f1,derrickdollesin,2025-10-10,20:25:32,-07:00,2025-10-10T20:25:32-07:00,0,6
style.css,69,css,05c0f9f1,derrickdollesin,2025-10-10,20:25:32,-07:00,2025-10-10T20:25:32-07:00,0,0
style.css,70,css,05c0f9f1,derrickdollesin,2025-10-10,20:25:32,-07:00,2025-10-10T20:25:32-07:00,0,0
style.css,71,css,05c0f9f1,derrickdollesin,2025-10-10,20:25:32,-07:00,2025-10-10T20:25:32-07:00,0,9
style.css,72,css,05c0f9f1,derrickdollesin,2025-10-10,20:25:32,-07:00,2025-10-10T20:25:32-07:00,2,12
style.css,73,css,05c0f9f1,derrickdollesin,2025-10-10,20:25:32,-07:00,2025-10-10T20:25:32-07:00,2,57
style.css,74,css,05c0f9f1,derrickdollesin,2025-10-10,20:25:32,-07:00,2025-10-10T20:25:32-07:00,2,7
style.css,75,css,05c0f9f1,derrickdollesin,2025-10-10,20:25:32,-07:00,2025-10-10T20:25:32-07:00,0,0
style.css,76,css,05c0f9f1,derrickdollesin,2025-10-10,20:25:32,-07:00,2025-10-10T20:25:32-07:00,0,0
style.css,77,css,05c0f9f1,derrickdollesin,2025-10-10,20:25:32,-07:00,2025-10-10T20:25:32-07:00,0,17
style.css,78,css,05c0f9f1,derrickdollesin,2025-10-10,20:25:32,-07:00,2025-10-10T20:25:32-07:00,2,26
style.css,79,css,05c0f9f1,derrickdollesin,2025-10-10,20:25:32,-07:00,2025-10-10T20:25:32-07:00,2,15
style.css,80,css,05c0f9f1,derrickdollesin,2025-10-10,20:25:32,-07:00,2025-10-10T20:25:32-07:00,0,0
style.css,81,css,05c0f9f1,derrickdollesin,2025-10-10,20:25:32,-07:00,2025-10-10T20:25:32-07:00,0,0
style.css,82,css,05c0f9f1,derrickdollesin,2025-10-10,20:25:32,-07:00,2025-10-10T20:25:32-07:00,0,12
style.css,83,css,05c0f9f1,derrickdollesin,2025-10-10,20:25:32,-07:00,2025-10-10T20:25:32-07:00,2,8
style.css,84,css,05c0f9f1,derrickdollesin,2025-10-10,20:25:32,-07:00,2025-10-10T20:25:32-07:00,0,0
style.css,85,css,05c0f9f1,derrickdollesin,2025-10-10,20:25:32,-07:00,2025-10-10T20:25:32-07:00,0,0
style.css,86,css,05c0f9f1,derrickdollesin,2025-10-10,20:25:32,-07:00,2025-10-10T20:25:32-07:00,0,0
style.css,87,css,05c0f9f1,derrickdollesin,2025-10-10,20:25:32,-07:00,2025-10-10T20:25:32-07:00,0,6
style.css,88,css,05c0f9f1,derrickdollesin,2025-10-10,20:25:32,-07:00,2025-10-10T20:25:32-07:00,0,0
style.css,89,css,05c0f9f1,derrickdollesin,2025-10-10,20:25:32,-07:00,2025-10-10T20:25:32-07:00,0,0
style.css,90,css,05c0f9f1,derrickdollesin,2025-10-10,20:25:32,-07:00,2025-10-10T20:25:32-07:00,0,22
style.css,91,css,05c0f9f1,derrickdollesin,2025-10-10,20:25:32,-07:00,2025-10-10T20:25:32-07:00,2,15
style.css,92,css,05c0f9f1,derrickdollesin,2025-10-10,20:25:32,-07:00,2025-10-10T20:25:32-07:00,2,17
style.css,93,css,05c0f9f1,derrickdollesin,2025-10-10,20:25:32,-07:00,2025-10-10T20:25:32-07:00,0,0
style.css,94,css,05c0f9f1,derrickdollesin,2025-10-10,20:25:32,-07:00,2025-10-10T20:25:32-07:00,0,0
style.css,95,css,05c0f9f1,derrickdollesin,2025-10-10,20:25:32,-07:00,2025-10-10T20:25:32-07:00,0,2
style.css,96,css,05c0f9f1,derrickdollesin,2025-10-10,20:25:32,-07:00,2025-10-10T20:25:32-07:00,2,14
style.css,97,css,05c0f9f1,derrickdollesin,2025-10-10,20:25:32,-07:00,2025-10-10T20:25:32-07:00,0,0
style.css,98,css,05c0f9f1,derrickdollesin,2025-10-10,20:25:32,-07:00,2025-10-10T20:25:32-07:00,0,0
style.css,99,css,05c0f9f1,derrickdollesin,2025-10-10,20:25:32,-07:00,2025-10-10T20:25:32-07:00,0,0
style.css,100,css,05c0f9f1,derrickdollesin,2025-10-10,20:25:32,-07:00,2025-10-10T20:25:32-07:00,0,2
style.css,101,css,05c0f9f1,derrickdollesin,2025-10-10,20:25:32,-07:00,2025-10-10T20:25:32-07:00,0,0
style.css,102,css,05c0f9f1,derrickdollesin,2025-10-10,20:25:32,-07:00,2025-10-10T20:25:32-07:00,0,0
style.css,103,css,11c6619e,derrickdollesin,2025-10-31,13:39:15,-07:00,2025-10-31T13:39:15-07:00,0,8
style.css,104,css,05c0f9f1,derrickdollesin,2025-10-10,20:25:32,-07:00,2025-10-10T20:25:32-07:00,2,17
style.css,105,css,11c6619e,derrickdollesin,2025-10-31,13:39:15,-07:00,2025-10-31T13:39:15-07:00,0,2
style.css,106,css,677198e8,derrickdollesin,2025-10-17,17:45:50,-07:00,2025-10-17T17:45:50-07:00,0,0
style.css,107,css,677198e8,derrickdollesin,2025-10-17,17:45:50,-07:00,2025-10-17T17:45:50-07:00,0,0
style.css,108,css,677198e8,derrickdollesin,2025-10-17,17:45:50,-07:00,2025-10-17T17:45:50-07:00,0,13
style.css,109,css,677198e8,derrickdollesin,2025-10-17,17:45:50,-07:00,2025-10-17T17:45:50-07:00,0,0
style.css,110,css,677198e8,derrickdollesin,2025-10-17,17:45:50,-07:00,2025-10-17T17:45:50-07:00,0,4
style.css,111,css,677198e8,derrickdollesin,2025-10-17,17:45:50,-07:00,2025-10-17T17:45:50-07:00,2,23
style.css,112,css,677198e8,derrickdollesin,2025-10-17,17:45:50,-07:00,2025-10-17T17:45:50-07:00,0,0
style.css,113,css,677198e8,derrickdollesin,2025-10-17,17:45:50,-07:00,2025-10-17T17:45:50-07:00,0,0
style.css,114,css,677198e8,derrickdollesin,2025-10-17,17:45:50,-07:00,2025-10-17T17:45:50-07:00,0,3
style.css,115,css,677198e8,derrickdollesin,2025-10-17,17:45:50,-07:00,2025-10-17T17:45:50-07:00,2,39
style.css,116,css,677198e8,derrickdollesin,2025-10-17,17:45:50,-07:00,2025-10-17T17:45:50-07:00,2,41
style.css,117,css,677198e8,derrickdollesin,2025-10-17,17:45:50,-07:00,2025-10-17T17:45:50-07:00,2,39
style.css,118,css,677198e8,derrickdollesin,2025-10-17,17:45:50,-07:00,2025-10-17T17:45:50-07:00,0,0
style.css,119,css,677198e8,derrickdollesin,2025-10-17,17:45:50,-07:00,2025-10-17T17:45:50-07:00,0,0
style.css,120,css,677198e8,derrickdollesin,2025-10-17,17:45:50,-07:00,2025-10-17T17:45:50-07:00,0,11
style.css,121,css,677198e8,derrickdollesin,2025-10-17,17:45:50,-07:00,2025-10-17T17:45:50-07:00,2,69
style.css,122,css,677198e8,derrickdollesin,2025-10-17,17:45:50,-07:00,2025-10-17T17:45:50-07:00,0,0
style.css,123,css,677198e8,derrickdollesin,2025-10-17,17:45:50,-07:00,2025-10-17T17:45:50-07:00,0,0
style.css,124,css,677198e8,derrickdollesin,2025-10-17,17:45:50,-07:00,2025-10-17T17:45:50-07:00,0,18
style.css,125,css,677198e8,derrickdollesin,2025-10-17,17:45:50,-07:00,2025-10-17T17:45:50-07:00,2,17
style.css,126,css,677198e8,derrickdollesin,2025-10-17,17:45:50,-07:00,2025-10-17T17:45:50-07:00,2,7
style.css,127,css,677198e8,derrickdollesin,2025-10-17,17:45:50,-07:00,2025-10-17T17:45:50-07:00,2,9
style.css,128,css,677198e8,derrickdollesin,2025-10-17,17:45:50,-07:00,2025-10-17T17:45:50-07:00,2,19
style.css,129,css,677198e8,derrickdollesin,2025-10-17,17:45:50,-07:00,2025-10-17T17:45:50-07:00,2,13
style.css,130,css,677198e8,derrickdollesin,2025-10-17,17:45:50,-07:00,2025-10-17T17:45:50-07:00,0,0
style.css,131,css,fd720d69,derrickdollesin,2025-10-24,15:57:38,-07:00,2025-10-24T15:57:38-07:00,0,0
style.css,132,css,fd720d69,derrickdollesin,2025-10-24,15:57:38,-07:00,2025-10-24T15:57:38-07:00,0,17
style.css,133,css,fd720d69,derrickdollesin,2025-10-24,15:57:38,-07:00,2025-10-24T15:57:38-07:00,1,12
style.css,134,css,fd720d69,derrickdollesin,2025-10-24,15:57:38,-07:00,2025-10-24T15:57:38-07:00,1,61
style.css,135,css,fd720d69,derrickdollesin,2025-10-24,15:57:38,-07:00,2025-10-24T15:57:38-07:00,1,17
style.css,136,css,fd720d69,derrickdollesin,2025-10-24,15:57:38,-07:00,2025-10-24T15:57:38-07:00,1,33
style.css,137,css,fd720d69,derrickdollesin,2025-10-24,15:57:38,-07:00,2025-10-24T15:57:38-07:00,0,0
style.css,138,css,fd720d69,derrickdollesin,2025-10-24,15:57:38,-07:00,2025-10-24T15:57:38-07:00,0,0
style.css,139,css,fd720d69,derrickdollesin,2025-10-24,15:57:38,-07:00,2025-10-24T15:57:38-07:00,0,40
style.css,140,css,fd720d69,derrickdollesin,2025-10-24,15:57:38,-07:00,2025-10-24T15:57:38-07:00,0,17
style.css,141,css,fd720d69,derrickdollesin,2025-10-24,15:57:38,-07:00,2025-10-24T15:57:38-07:00,1,10
style.css,142,css,fd720d69,derrickdollesin,2025-10-24,15:57:38,-07:00,2025-10-24T15:57:38-07:00,1,16
style.css,143,css,fd720d69,derrickdollesin,2025-10-24,15:57:38,-07:00,2025-10-24T15:57:38-07:00,0,0
style.css,144,css,fd720d69,derrickdollesin,2025-10-24,15:57:38,-07:00,2025-10-24T15:57:38-07:00,0,0
style.css,145,css,fd720d69,derrickdollesin,2025-10-24,15:57:38,-07:00,2025-10-24T15:57:38-07:00,0,41
style.css,146,css,fd720d69,derrickdollesin,2025-10-24,15:57:38,-07:00,2025-10-24T15:57:38-07:00,0,17
style.css,147,css,fd720d69,derrickdollesin,2025-10-24,15:57:38,-07:00,2025-10-24T15:57:38-07:00,1,10
style.css,148,css,fd720d69,derrickdollesin,2025-10-24,15:57:38,-07:00,2025-10-24T15:57:38-07:00,1,8
style.css,149,css,11c6619e,derrickdollesin,2025-10-31,13:39:15,-07:00,2025-10-31T13:39:15-07:00,0,0
style.css,150,css,11c6619e,derrickdollesin,2025-10-31,13:39:15,-07:00,2025-10-31T13:39:15-07:00,0,0
style.css,151,css,11c6619e,derrickdollesin,2025-10-31,13:39:15,-07:00,2025-10-31T13:39:15-07:00,0,5
style.css,152,css,11c6619e,derrickdollesin,2025-10-31,13:39:15,-07:00,2025-10-31T13:39:15-07:00,2,23
style.css,153,css,11c6619e,derrickdollesin,2025-10-31,13:39:15,-07:00,2025-10-31T13:39:15-07:00,2,33
style.css,154,css,11c6619e,derrickdollesin,2025-10-31,13:39:15,-07:00,2025-10-31T13:39:15-07:00,0,0
style.css,155,css,11c6619e,derrickdollesin,2025-10-31,13:39:15,-07:00,2025-10-31T13:39:15-07:00,0,0
style.css,156,css,11c6619e,derrickdollesin,2025-10-31,13:39:15,-07:00,2025-10-31T13:39:15-07:00,0,10
style.css,157,css,11c6619e,derrickdollesin,2025-10-31,13:39:15,-07:00,2025-10-31T13:39:15-07:00,0,0
style.css,158,css,11c6619e,derrickdollesin,2025-10-31,13:39:15,-07:00,2025-10-31T13:39:15-07:00,0,18
style.css,159,css,11c6619e,derrickdollesin,2025-10-31,13:39:15,-07:00,2025-10-31T13:39:15-07:00,1,14
style.css,160,css,11c6619e,derrickdollesin,2025-10-31,13:39:15,-07:00,2025-10-31T13:39:15-07:00,1,16
style.css,161,css,11c6619e,derrickdollesin,2025-10-31,13:39:15,-07:00,2025-10-31T13:39:15-07:00,0,0
style.css,162,css,11c6619e,derrickdollesin,2025-10-31,13:39:15,-07:00,2025-10-31T13:39:15-07:00,1,16
style.css,163,css,11c6619e,derrickdollesin,2025-10-31,13:39:15,-07:00,2025-10-31T13:39:15-07:00,0,0
style.css,164,css,11c6619e,derrickdollesin,2025-10-31,13:39:15,-07:00,2025-10-31T13:39:15-07:00,0,0
style.css,165,css,11c6619e,derrickdollesin,2025-10-31,13:39:15,-07:00,2025-10-31T13:39:15-07:00,0,10
style.css,166,css,11c6619e,derrickdollesin,2025-10-31,13:39:15,-07:00,2025-10-31T13:39:15-07:00,0,7
style.css,167,css,11c6619e,derrickdollesin,2025-10-31,13:39:15,-07:00,2025-10-31T13:39:15-07:00,2,12
style.css,168,css,11c6619e,derrickdollesin,2025-10-31,13:39:15,-07:00,2025-10-31T13:39:15-07:00,2,57
style.css,169,css,11c6619e,derrickdollesin,2025-10-31,13:39:15,-07:00,2025-10-31T13:39:15-07:00,2,15
style.css,170,css,11c6619e,derrickdollesin,2025-10-31,13:39:15,-07:00,2025-10-31T13:39:15-07:00,2,36
style.css,171,css,11c6619e,derrickdollesin,2025-10-31,13:39:15,-07:00,2025-10-31T13:39:15-07:00,2,18
style.css,172,css,11c6619e,derrickdollesin,2025-10-31,13:39:15,-07:00,2025-10-31T13:39:15-07:00,2,11
style.css,173,css,11c6619e,derrickdollesin,2025-10-31,13:39:15,-07:00,2025-10-31T13:39:15-07:00,2,15
style.css,174,css,11c6619e,derrickdollesin,2025-10-31,13:39:15,-07:00,2025-10-31T13:39:15-07:00,2,6
style.css,175,css,11c6619e,derrickdollesin,2025-10-31,13:39:15,-07:00,2025-10-31T13:39:15-07:00,0,0
style.css,176,css,11c6619e,derrickdollesin,2025-10-31,13:39:15,-07:00,2025-10-31T13:39:15-07:00,0,0
style.css,177,css,11c6619e,derrickdollesin,2025-10-31,13:39:15,-07:00,2025-10-31T13:39:15-07:00,0,16
style.css,178,css,11c6619e,derrickdollesin,2025-10-31,13:39:15,-07:00,2025-10-31T13:39:15-07:00,1,12
style.css,179,css,11c6619e,derrickdollesin,2025-10-31,13:39:15,-07:00,2025-10-31T13:39:15-07:00,1,18
style.css,180,css,11c6619e,derrickdollesin,2025-10-31,13:39:15,-07:00,2025-10-31T13:39:15-07:00,1,9
style.css,181,css,11c6619e,derrickdollesin,2025-10-31,13:39:15,-07:00,2025-10-31T13:39:15-07:00,1,15
style.css,182,css,11c6619e,derrickdollesin,2025-10-31,13:39:15,-07:00,2025-10-31T13:39:15-07:00,0,0
style.css,183,css,11c6619e,derrickdollesin,2025-10-31,13:39:15,-07:00,2025-10-31T13:39:15-07:00,0,0
style.css,184,css,11c6619e,derrickdollesin,2025-10-31,13:39:15,-07:00,2025-10-31T13:39:15-07:00,0,15
style.css,185,css,11c6619e,derrickdollesin,2025-10-31,13:39:15,-07:00,2025-10-31T13:39:15-07:00,2,9
style.css,186,css,11c6619e,derrickdollesin,2025-10-31,13:39:15,-07:00,2025-10-31T13:39:15-07:00,2,10
style.css,187,css,11c6619e,derrickdollesin,2025-10-31,13:39:15,-07:00,2025-10-31T13:39:15-07:00,2,29
style.css,188,css,11c6619e,derrickdollesin,2025-10-31,13:39:15,-07:00,2025-10-31T13:39:15-07:00,2,17
style.css,189,css,11c6619e,derrickdollesin,2025-10-31,13:39:15,-07:00,2025-10-31T13:39:15-07:00,0,0
style.css,190,css,11c6619e,derrickdollesin,2025-10-31,13:39:15,-07:00,2025-10-31T13:39:15-07:00,0,0
style.css,191,css,11c6619e,derrickdollesin,2025-10-31,13:39:15,-07:00,2025-10-31T13:39:15-07:00,0,10
style.css,192,css,11c6619e,derrickdollesin,2025-10-31,13:39:15,-07:00,2025-10-31T13:39:15-07:00,2,12
style.css,193,css,11c6619e,derrickdollesin,2025-10-31,13:39:15,-07:00,2025-10-31T13:39:15-07:00,2,18
style.css,194,css,11c6619e,derrickdollesin,2025-10-31,13:39:15,-07:00,2025-10-31T13:39:15-07:00,2,7
style.css,195,css,11c6619e,derrickdollesin,2025-10-31,13:39:15,-07:00,2025-10-31T13:39:15-07:00,0,0
style.css,196,css,11c6619e,derrickdollesin,2025-10-31,13:39:15,-07:00,2025-10-31T13:39:15-07:00,0,0
style.css,197,css,11c6619e,derrickdollesin,2025-10-31,13:39:15,-07:00,2025-10-31T13:39:15-07:00,0,10
style.css,198,css,11c6619e,derrickdollesin,2025-10-31,13:39:15,-07:00,2025-10-31T13:39:15-07:00,1,13
style.css,199,css,11c6619e,derrickdollesin,2025-10-31,13:39:15,-07:00,2025-10-31T13:39:15-07:00,1,53
style.css,200,css,11c6619e,derrickdollesin,2025-10-31,13:39:15,-07:00,2025-10-31T13:39:15-07:00,1,66
style.css,201,css,11c6619e,derrickdollesin,2025-10-31,13:39:15,-07:00,2025-10-31T13:39:15-07:00,1,17
style.css,202,css,11c6619e,derrickdollesin,2025-10-31,13:39:15,-07:00,2025-10-31T13:39:15-07:00,1,17
style.css,203,css,11c6619e,derrickdollesin,2025-10-31,13:39:15,-07:00,2025-10-31T13:39:15-07:00,1,12
style.css,204,css,11c6619e,derrickdollesin,2025-10-31,13:39:15,-07:00,2025-10-31T13:39:15-07:00,1,36
style.css,205,css,11c6619e,derrickdollesin,2025-10-31,13:39:15,-07:00,2025-10-31T13:39:15-07:00,1,17
style.css,206,css,11c6619e,derrickdollesin,2025-10-31,13:39:15,-07:00,2025-10-31T13:39:15-07:00,0,0
style.css,207,css,11c6619e,derrickdollesin,2025-10-31,13:39:15,-07:00,2025-10-31T13:39:15-07:00,0,0
style.css,208,css,11c6619e,derrickdollesin,2025-10-31,13:39:15,-07:00,2025-10-31T13:39:15-07:00,0,17
style.css,209,css,11c6619e,derrickdollesin,2025-10-31,13:39:15,-07:00,2025-10-31T13:39:15-07:00,1,16
style.css,210,css,11c6619e,derrickdollesin,2025-10-31,13:39:15,-07:00,2025-10-31T13:39:15-07:00,2,11
style.css,211,css,11c6619e,derrickdollesin,2025-10-31,13:39:15,-07:00,2025-10-31T13:39:15-07:00,1,0
style.css,212,css,11c6619e,derrickdollesin,2025-10-31,13:39:15,-07:00,2025-10-31T13:39:15-07:00,0,0
style.css,213,css,11c6619e,derrickdollesin,2025-10-31,13:39:15,-07:00,2025-10-31T13:39:15-07:00,0,0
style.css,214,css,11c6619e,derrickdollesin,2025-10-31,13:39:15,-07:00,2025-10-31T13:39:15-07:00,0,4
style.css,215,css,11c6619e,derrickdollesin,2025-10-31,13:39:15,-07:00,2025-10-31T13:39:15-07:00,1,16
style.css,216,css,11c6619e,derrickdollesin,2025-10-31,13:39:15,-07:00,2025-10-31T13:39:15-07:00,1,14
style.css,217,css,11c6619e,derrickdollesin,2025-10-31,13:39:15,-07:00,2025-10-31T13:39:15-07:00,0,0
style.css,218,css,11c6619e,derrickdollesin,2025-10-31,13:39:15,-07:00,2025-10-31T13:39:15-07:00,0,0
style.css,219,css,11c6619e,derrickdollesin,2025-10-31,13:39:15,-07:00,2025-10-31T13:39:15-07:00,0,9
style.css,220,css,11c6619e,derrickdollesin,2025-10-31,13:39:15,-07:00,2025-10-31T13:39:15-07:00,1,35
style.css,221,css,11c6619e,derrickdollesin,2025-10-31,13:39:15,-07:00,2025-10-31T13:39:15-07:00,0,0
style.css,222,css,11c6619e,derrickdollesin,2025-10-31,13:39:15,-07:00,2025-10-31T13:39:15-07:00,1,10
style.css,223,css,11c6619e,derrickdollesin,2025-10-31,13:39:15,-07:00,2025-10-31T13:39:15-07:00,2,17
style.css,224,css,11c6619e,derrickdollesin,2025-10-31,13:39:15,-07:00,2025-10-31T13:39:15-07:00,1,0
style.css,225,css,fd720d69,derrickdollesin,2025-10-24,15:57:38,-07:00,2025-10-24T15:57:38-07:00,0,0
index.js,1,js,fd720d69,derrickdollesin,2025-10-24,15:57:38,-07:00,2025-10-24T15:57:38-07:00,0,71
index.js,2,js,fd720d69,derrickdollesin,2025-10-24,15:57:38,-07:00,2025-10-24T15:57:38-07:00,0,0
index.js,3,js,fd720d69,derrickdollesin,2025-10-24,15:57:38,-07:00,2025-10-24T15:57:38-07:00,0,54
index.js,4,js,fd720d69,derrickdollesin,2025-10-24,15:57:38,-07:00,2025-10-24T15:57:38-07:00,0,42
index.js,5,js,fd720d69,derrickdollesin,2025-10-24,15:57:38,-07:00,2025-10-24T15:57:38-07:00,0,0
index.js,6,js,fd720d69,derrickdollesin,2025-10-24,15:57:38,-07:00,2025-10-24T15:57:38-07:00,0,60
index.js,7,js,fd720d69,derrickdollesin,2025-10-24,15:57:38,-07:00,2025-10-24T15:57:38-07:00,0,0
index.js,8,js,fd720d69,derrickdollesin,2025-10-24,15:57:38,-07:00,2025-10-24T15:57:38-07:00,0,54
index.js,9,js,fd720d69,derrickdollesin,2025-10-24,15:57:38,-07:00,2025-10-24T15:57:38-07:00,0,0
index.js,10,js,fd720d69,derrickdollesin,2025-10-24,15:57:38,-07:00,2025-10-24T15:57:38-07:00,0,58
index.js,11,js,fd720d69,derrickdollesin,2025-10-24,15:57:38,-07:00,2025-10-24T15:57:38-07:00,0,60
index.js,12,js,fd720d69,derrickdollesin,2025-10-24,15:57:38,-07:00,2025-10-24T15:57:38-07:00,0,0
index.js,13,js,fd720d69,derrickdollesin,2025-10-24,15:57:38,-07:00,2025-10-24T15:57:38-07:00,0,17
index.js,14,js,fd720d69,derrickdollesin,2025-10-24,15:57:38,-07:00,2025-10-24T15:57:38-07:00,1,24
index.js,15,js,fd720d69,derrickdollesin,2025-10-24,15:57:38,-07:00,2025-10-24T15:57:38-07:00,4,2
index.js,16,js,fd720d69,derrickdollesin,2025-10-24,15:57:38,-07:00,2025-10-24T15:57:38-07:00,5,55
index.js,17,js,fd720d69,derrickdollesin,2025-10-24,15:57:38,-07:00,2025-10-24T15:57:38-07:00,5,55
index.js,18,js,fd720d69,derrickdollesin,2025-10-24,15:57:38,-07:00,2025-10-24T15:57:38-07:00,5,49
index.js,19,js,fd720d69,derrickdollesin,2025-10-24,15:57:38,-07:00,2025-10-24T15:57:38-07:00,5,49
index.js,20,js,fd720d69,derrickdollesin,2025-10-24,15:57:38,-07:00,2025-10-24T15:57:38-07:00,4,3
index.js,21,js,fd720d69,derrickdollesin,2025-10-24,15:57:38,-07:00,2025-10-24T15:57:38-07:00,2,0
index.js,22,js,fd720d69,derrickdollesin,2025-10-24,15:57:38,-07:00,2025-10-24T15:57:38-07:00,0,0
index.html,1,html,91a5173,derrickdollesin,2025-10-02,19:34:05,-07:00,2025-10-02T19:34:05-07:00,0,13
index.html,2,html,91a5173,derrickdollesin,2025-10-02,19:34:05,-07:00,2025-10-02T19:34:05-07:00,0,14
index.html,3,html,91a5173,derrickdollesin,2025-10-02,19:34:05,-07:00,2025-10-02T19:34:05-07:00,0,4
index.html,4,html,91a5173,derrickdollesin,2025-10-02,19:34:05,-07:00,2025-10-02T19:34:05-07:00,2,20
index.html,5,html,91a5173,derrickdollesin,2025-10-02,19:34:05,-07:00,2025-10-02T19:34:05-07:00,2,68
index.html,6,html,91a5173,derrickdollesin,2025-10-02,19:34:05,-07:00,2025-10-02T19:34:05-07:00,2,50
index.html,7,html,2aa8832c,derrickdollesin,2025-10-02,20:35:57,-07:00,2025-10-02T20:35:57-07:00,2,38
index.html,8,html,91a5173,derrickdollesin,2025-10-02,19:34:05,-07:00,2025-10-02T19:34:05-07:00,0,5
index.html,9,html,91a5173,derrickdollesin,2025-10-02,19:34:05,-07:00,2025-10-02T19:34:05-07:00,0,4
index.html,10,html,05c0f9f1,derrickdollesin,2025-10-10,20:25:32,-07:00,2025-10-10T20:25:32-07:00,2,16
index.html,11,html,677198e8,derrickdollesin,2025-10-17,17:45:50,-07:00,2025-10-17T17:45:50-07:00,0,0
index.html,12,html,05c0f9f1,derrickdollesin,2025-10-10,20:25:32,-07:00,2025-10-10T20:25:32-07:00,4,23
index.html,13,html,2aa8832c,derrickdollesin,2025-10-02,20:35:57,-07:00,2025-10-02T20:35:57-07:00,0,0
index.html,14,html,2aa8832c,derrickdollesin,2025-10-02,20:35:57,-07:00,2025-10-02T20:35:57-07:00,4,58
index.html,15,html,2aa8832c,derrickdollesin,2025-10-02,20:35:57,-07:00,2025-10-02T20:35:57-07:00,0,0
index.html,16,html,2aa8832c,derrickdollesin,2025-10-02,20:35:57,-07:00,2025-10-02T20:35:57-07:00,4,114
index.html,17,html,fd720d69,derrickdollesin,2025-10-24,15:57:38,-07:00,2025-10-24T15:57:38-07:00,0,0
index.html,18,html,fd720d69,derrickdollesin,2025-10-24,15:57:38,-07:00,2025-10-24T15:57:38-07:00,4,22
index.html,19,html,fd720d69,derrickdollesin,2025-10-24,15:57:38,-07:00,2025-10-24T15:57:38-07:00,4,20
index.html,20,html,fd720d69,derrickdollesin,2025-10-24,15:57:38,-07:00,2025-10-24T15:57:38-07:00,4,49
index.html,21,html,fd720d69,derrickdollesin,2025-10-24,15:57:38,-07:00,2025-10-24T15:57:38-07:00,4,4
index.html,22,html,fd720d69,derrickdollesin,2025-10-24,15:57:38,-07:00,2025-10-24T15:57:38-07:00,0,0
index.html,23,html,fd720d69,derrickdollesin,2025-10-24,15:57:38,-07:00,2025-10-24T15:57:38-07:00,4,28
index.html,24,html,2aa8832c,derrickdollesin,2025-10-02,20:35:57,-07:00,2025-10-02T20:35:57-07:00,2,4
index.html,25,html,fd720d69,derrickdollesin,2025-10-24,15:57:38,-07:00,2025-10-24T15:57:38-07:00,0,0
index.html,26,html,677198e8,derrickdollesin,2025-10-17,17:45:50,-07:00,2025-10-17T17:45:50-07:00,2,45
index.html,27,html,fd720d69,derrickdollesin,2025-10-24,15:57:38,-07:00,2025-10-24T15:57:38-07:00,2,50
index.html,28,html,91a5173,derrickdollesin,2025-10-02,19:34:05,-07:00,2025-10-02T19:34:05-07:00,0,5
index.html,29,html,91a5173,derrickdollesin,2025-10-02,19:34:05,-07:00,2025-10-02T19:34:05-07:00,0,5
global.js,1,js,677198e8,derrickdollesin,2025-10-17,17:45:50,-07:00,2025-10-17T17:45:50-07:00,0,25
global.js,2,js,677198e8,derrickdollesin,2025-10-17,17:45:50,-07:00,2025-10-17T17:45:50-07:00,0,0
global.js,3,js,677198e8,derrickdollesin,2025-10-17,17:45:50,-07:00,2025-10-17T17:45:50-07:00,0,41
global.js,4,js,677198e8,derrickdollesin,2025-10-17,17:45:50,-07:00,2025-10-17T17:45:50-07:00,1,52
global.js,5,js,677198e8,derrickdollesin,2025-10-17,17:45:50,-07:00,2025-10-17T17:45:50-07:00,0,0
global.js,6,js,677198e8,derrickdollesin,2025-10-17,17:45:50,-07:00,2025-10-17T17:45:50-07:00,0,0
global.js,7,js,677198e8,derrickdollesin,2025-10-17,17:45:50,-07:00,2025-10-17T17:45:50-07:00,0,26
global.js,8,js,677198e8,derrickdollesin,2025-10-17,17:45:50,-07:00,2025-10-17T17:45:50-07:00,0,0
global.js,9,js,677198e8,derrickdollesin,2025-10-17,17:45:50,-07:00,2025-10-17T17:45:50-07:00,0,27
global.js,10,js,677198e8,derrickdollesin,2025-10-17,17:45:50,-07:00,2025-10-17T17:45:50-07:00,0,0
global.js,11,js,677198e8,derrickdollesin,2025-10-17,17:45:50,-07:00,2025-10-17T17:45:50-07:00,0,33
global.js,12,js,677198e8,derrickdollesin,2025-10-17,17:45:50,-07:00,2025-10-17T17:45:50-07:00,0,71
global.js,13,js,677198e8,derrickdollesin,2025-10-17,17:45:50,-07:00,2025-10-17T17:45:50-07:00,0,3
global.js,14,js,677198e8,derrickdollesin,2025-10-17,17:45:50,-07:00,2025-10-17T17:45:50-07:00,0,0
global.js,15,js,677198e8,derrickdollesin,2025-10-17,17:45:50,-07:00,2025-10-17T17:45:50-07:00,0,39
global.js,16,js,677198e8,derrickdollesin,2025-10-17,17:45:50,-07:00,2025-10-17T17:45:50-07:00,0,0
global.js,17,js,677198e8,derrickdollesin,2025-10-17,17:45:50,-07:00,2025-10-17T17:45:50-07:00,0,11
global.js,18,js,677198e8,derrickdollesin,2025-10-17,17:45:50,-07:00,2025-10-17T17:45:50-07:00,1,25
global.js,19,js,677198e8,derrickdollesin,2025-10-17,17:45:50,-07:00,2025-10-17T17:45:50-07:00,1,38
global.js,20,js,677198e8,derrickdollesin,2025-10-17,17:45:50,-07:00,2025-10-17T17:45:50-07:00,1,27
global.js,21,js,677198e8,derrickdollesin,2025-10-17,17:45:50,-07:00,2025-10-17T17:45:50-07:00,1,33
global.js,22,js,677198e8,derrickdollesin,2025-10-17,17:45:50,-07:00,2025-10-17T17:45:50-07:00,1,35
global.js,23,js,00000000,Not Committed Yet,2025-11-06,17:48:56,-08:00,2025-11-06T17:48:56-08:00,1,30
global.js,24,js,677198e8,derrickdollesin,2025-10-17,17:45:50,-07:00,2025-10-17T17:45:50-07:00,1,61
global.js,25,js,677198e8,derrickdollesin,2025-10-17,17:45:50,-07:00,2025-10-17T17:45:50-07:00,0,0
global.js,26,js,677198e8,derrickdollesin,2025-10-17,17:45:50,-07:00,2025-10-17T17:45:50-07:00,0,0
global.js,27,js,677198e8,derrickdollesin,2025-10-17,17:45:50,-07:00,2025-10-17T17:45:50-07:00,0,38
global.js,28,js,677198e8,derrickdollesin,2025-10-17,17:45:50,-07:00,2025-10-17T17:45:50-07:00,0,25
global.js,29,js,677198e8,derrickdollesin,2025-10-17,17:45:50,-07:00,2025-10-17T17:45:50-07:00,0,0
global.js,30,js,677198e8,derrickdollesin,2025-10-17,17:45:50,-07:00,2025-10-17T17:45:50-07:00,0,88
global.js,31,js,677198e8,derrickdollesin,2025-10-17,17:45:50,-07:00,2025-10-17T17:45:50-07:00,1,36
global.js,32,js,677198e8,derrickdollesin,2025-10-17,17:45:50,-07:00,2025-10-17T17:45:50-07:00,1,46
global.js,33,js,677198e8,derrickdollesin,2025-10-17,17:45:50,-07:00,2025-10-17T17:45:50-07:00,0,0
global.js,34,js,677198e8,derrickdollesin,2025-10-17,17:45:50,-07:00,2025-10-17T17:45:50-07:00,0,0
global.js,35,js,677198e8,derrickdollesin,2025-10-17,17:45:50,-07:00,2025-10-17T17:45:50-07:00,0,20
global.js,36,js,677198e8,derrickdollesin,2025-10-17,17:45:50,-07:00,2025-10-17T17:45:50-07:00,1,14
global.js,37,js,677198e8,derrickdollesin,2025-10-17,17:45:50,-07:00,2025-10-17T17:45:50-07:00,1,18
global.js,38,js,677198e8,derrickdollesin,2025-10-17,17:45:50,-07:00,2025-10-17T17:45:50-07:00,0,0
global.js,39,js,677198e8,derrickdollesin,2025-10-17,17:45:50,-07:00,2025-10-17T17:45:50-07:00,1,52
global.js,40,js,677198e8,derrickdollesin,2025-10-17,17:45:50,-07:00,2025-10-17T17:45:50-07:00,0,0
global.js,41,js,677198e8,derrickdollesin,2025-10-17,17:45:50,-07:00,2025-10-17T17:45:50-07:00,1,41
global.js,42,js,677198e8,derrickdollesin,2025-10-17,17:45:50,-07:00,2025-10-17T17:45:50-07:00,1,34
global.js,43,js,677198e8,derrickdollesin,2025-10-17,17:45:50,-07:00,2025-10-17T17:45:50-07:00,1,11
global.js,44,js,677198e8,derrickdollesin,2025-10-17,17:45:50,-07:00,2025-10-17T17:45:50-07:00,1,20
global.js,45,js,677198e8,derrickdollesin,2025-10-17,17:45:50,-07:00,2025-10-17T17:45:50-07:00,0,0
global.js,46,js,677198e8,derrickdollesin,2025-10-17,17:45:50,-07:00,2025-10-17T17:45:50-07:00,1,28
global.js,47,js,677198e8,derrickdollesin,2025-10-17,17:45:50,-07:00,2025-10-17T17:45:50-07:00,2,17
global.js,48,js,677198e8,derrickdollesin,2025-10-17,17:45:50,-07:00,2025-10-17T17:45:50-07:00,1,0
global.js,49,js,677198e8,derrickdollesin,2025-10-17,17:45:50,-07:00,2025-10-17T17:45:50-07:00,0,0
global.js,50,js,677198e8,derrickdollesin,2025-10-17,17:45:50,-07:00,2025-10-17T17:45:50-07:00,1,17
global.js,51,js,677198e8,derrickdollesin,2025-10-17,17:45:50,-07:00,2025-10-17T17:45:50-07:00,2,8
global.js,52,js,677198e8,derrickdollesin,2025-10-17,17:45:50,-07:00,2025-10-17T17:45:50-07:00,2,59
global.js,53,js,677198e8,derrickdollesin,2025-10-17,17:45:50,-07:00,2025-10-17T17:45:50-07:00,1,0
global.js,54,js,677198e8,derrickdollesin,2025-10-17,17:45:50,-07:00,2025-10-17T17:45:50-07:00,0,0
global.js,55,js,677198e8,derrickdollesin,2025-10-17,17:45:50,-07:00,2025-10-17T17:45:50-07:00,1,12
global.js,56,js,677198e8,derrickdollesin,2025-10-17,17:45:50,-07:00,2025-10-17T17:45:50-07:00,0,0
global.js,57,js,677198e8,derrickdollesin,2025-10-17,17:45:50,-07:00,2025-10-17T17:45:50-07:00,0,0
global.js,58,js,677198e8,derrickdollesin,2025-10-17,17:45:50,-07:00,2025-10-17T17:45:50-07:00,0,23
global.js,59,js,677198e8,derrickdollesin,2025-10-17,17:45:50,-07:00,2025-10-17T17:45:50-07:00,0,31
global.js,60,js,677198e8,derrickdollesin,2025-10-17,17:45:50,-07:00,2025-10-17T17:45:50-07:00,1,11
global.js,61,js,677198e8,derrickdollesin,2025-10-17,17:45:50,-07:00,2025-10-17T17:45:50-07:00,1,0
global.js,62,js,677198e8,derrickdollesin,2025-10-17,17:45:50,-07:00,2025-10-17T17:45:50-07:00,0,26
global.js,63,js,677198e8,derrickdollesin,2025-10-17,17:45:50,-07:00,2025-10-17T17:45:50-07:00,0,4
global.js,64,js,677198e8,derrickdollesin,2025-10-17,17:45:50,-07:00,2025-10-17T17:45:50-07:00,0,6
global.js,65,js,677198e8,derrickdollesin,2025-10-17,17:45:50,-07:00,2025-10-17T17:45:50-07:00,0,38
global.js,66,js,677198e8,derrickdollesin,2025-10-17,17:45:50,-07:00,2025-10-17T17:45:50-07:00,6,43
global.js,67,js,677198e8,derrickdollesin,2025-10-17,17:45:50,-07:00,2025-10-17T17:45:50-07:00,6,34
global.js,68,js,677198e8,derrickdollesin,2025-10-17,17:45:50,-07:00,2025-10-17T17:45:50-07:00,6,32
global.js,69,js,677198e8,derrickdollesin,2025-10-17,17:45:50,-07:00,2025-10-17T17:45:50-07:00,0,7
global.js,70,js,677198e8,derrickdollesin,2025-10-17,17:45:50,-07:00,2025-10-17T17:45:50-07:00,0,8
global.js,71,js,677198e8,derrickdollesin,2025-10-17,17:45:50,-07:00,2025-10-17T17:45:50-07:00,0,0
global.js,72,js,677198e8,derrickdollesin,2025-10-17,17:45:50,-07:00,2025-10-17T17:45:50-07:00,0,0
global.js,73,js,677198e8,derrickdollesin,2025-10-17,17:45:50,-07:00,2025-10-17T17:45:50-07:00,0,57
global.js,74,js,677198e8,derrickdollesin,2025-10-17,17:45:50,-07:00,2025-10-17T17:45:50-07:00,0,0
global.js,75,js,677198e8,derrickdollesin,2025-10-17,17:45:50,-07:00,2025-10-17T17:45:50-07:00,0,49
global.js,76,js,677198e8,derrickdollesin,2025-10-17,17:45:50,-07:00,2025-10-17T17:45:50-07:00,1,31
global.js,77,js,677198e8,derrickdollesin,2025-10-17,17:45:50,-07:00,2025-10-17T17:45:50-07:00,0,0
global.js,78,js,677198e8,derrickdollesin,2025-10-17,17:45:50,-07:00,2025-10-17T17:45:50-07:00,1,31
global.js,79,js,677198e8,derrickdollesin,2025-10-17,17:45:50,-07:00,2025-10-17T17:45:50-07:00,0,0
global.js,80,js,677198e8,derrickdollesin,2025-10-17,17:45:50,-07:00,2025-10-17T17:45:50-07:00,1,49
global.js,81,js,677198e8,derrickdollesin,2025-10-17,17:45:50,-07:00,2025-10-17T17:45:50-07:00,0,0
global.js,82,js,677198e8,derrickdollesin,2025-10-17,17:45:50,-07:00,2025-10-17T17:45:50-07:00,1,19
global.js,83,js,677198e8,derrickdollesin,2025-10-17,17:45:50,-07:00,2025-10-17T17:45:50-07:00,0,0
global.js,84,js,677198e8,derrickdollesin,2025-10-17,17:45:50,-07:00,2025-10-17T17:45:50-07:00,1,44
global.js,85,js,677198e8,derrickdollesin,2025-10-17,17:45:50,-07:00,2025-10-17T17:45:50-07:00,0,1
global.js,86,js,677198e8,derrickdollesin,2025-10-17,17:45:50,-07:00,2025-10-17T17:45:50-07:00,0,0
global.js,87,js,677198e8,derrickdollesin,2025-10-17,17:45:50,-07:00,2025-10-17T17:45:50-07:00,0,34
global.js,88,js,677198e8,derrickdollesin,2025-10-17,17:45:50,-07:00,2025-10-17T17:45:50-07:00,1,68
global.js,89,js,677198e8,derrickdollesin,2025-10-17,17:45:50,-07:00,2025-10-17T17:45:50-07:00,1,38
global.js,90,js,677198e8,derrickdollesin,2025-10-17,17:45:50,-07:00,2025-10-17T17:45:50-07:00,0,0
global.js,91,js,677198e8,derrickdollesin,2025-10-17,17:45:50,-07:00,2025-10-17T17:45:50-07:00,0,0
global.js,92,js,677198e8,derrickdollesin,2025-10-17,17:45:50,-07:00,2025-10-17T17:45:50-07:00,0,20
global.js,93,js,677198e8,derrickdollesin,2025-10-17,17:45:50,-07:00,2025-10-17T17:45:50-07:00,0,0
global.js,94,js,677198e8,derrickdollesin,2025-10-17,17:45:50,-07:00,2025-10-17T17:45:50-07:00,0,40
global.js,95,js,677198e8,derrickdollesin,2025-10-17,17:45:50,-07:00,2025-10-17T17:45:50-07:00,0,0
global.js,96,js,677198e8,derrickdollesin,2025-10-17,17:45:50,-07:00,2025-10-17T17:45:50-07:00,0,49
global.js,97,js,677198e8,derrickdollesin,2025-10-17,17:45:50,-07:00,2025-10-17T17:45:50-07:00,1,21
global.js,98,js,677198e8,derrickdollesin,2025-10-17,17:45:50,-07:00,2025-10-17T17:45:50-07:00,0,0
global.js,99,js,677198e8,derrickdollesin,2025-10-17,17:45:50,-07:00,2025-10-17T17:45:50-07:00,1,28
global.js,100,js,677198e8,derrickdollesin,2025-10-17,17:45:50,-07:00,2025-10-17T17:45:50-07:00,0,0
global.js,101,js,677198e8,derrickdollesin,2025-10-17,17:45:50,-07:00,2025-10-17T17:45:50-07:00,1,26
global.js,102,js,677198e8,derrickdollesin,2025-10-17,17:45:50,-07:00,2025-10-17T17:45:50-07:00,0,0
global.js,103,js,677198e8,derrickdollesin,2025-10-17,17:45:50,-07:00,2025-10-17T17:45:50-07:00,1,31
global.js,104,js,677198e8,derrickdollesin,2025-10-17,17:45:50,-07:00,2025-10-17T17:45:50-07:00,2,65
global.js,105,js,677198e8,derrickdollesin,2025-10-17,17:45:50,-07:00,2025-10-17T17:45:50-07:00,1,0
global.js,106,js,677198e8,derrickdollesin,2025-10-17,17:45:50,-07:00,2025-10-17T17:45:50-07:00,0,0
global.js,107,js,677198e8,derrickdollesin,2025-10-17,17:45:50,-07:00,2025-10-17T17:45:50-07:00,1,21
global.js,108,js,677198e8,derrickdollesin,2025-10-17,17:45:50,-07:00,2025-10-17T17:45:50-07:00,0,0
global.js,109,js,677198e8,derrickdollesin,2025-10-17,17:45:50,-07:00,2025-10-17T17:45:50-07:00,1,37
global.js,110,js,677198e8,derrickdollesin,2025-10-17,17:45:50,-07:00,2025-10-17T17:45:50-07:00,0,0
global.js,111,js,677198e8,derrickdollesin,2025-10-17,17:45:50,-07:00,2025-10-17T17:45:50-07:00,1,18
global.js,112,js,677198e8,derrickdollesin,2025-10-17,17:45:50,-07:00,2025-10-17T17:45:50-07:00,0,1
global.js,113,js,1a2192f0,derrickdollesin,2025-10-22,18:55:11,-07:00,2025-10-22T18:55:11-07:00,0,0
global.js,114,js,1a2192f0,derrickdollesin,2025-10-22,18:55:11,-07:00,2025-10-22T18:55:11-07:00,0,12
global.js,115,js,1a2192f0,derrickdollesin,2025-10-22,18:55:11,-07:00,2025-10-22T18:55:11-07:00,0,36
global.js,116,js,1a2192f0,derrickdollesin,2025-10-22,18:55:11,-07:00,2025-10-22T18:55:11-07:00,1,3
global.js,117,js,1a2192f0,derrickdollesin,2025-10-22,18:55:11,-07:00,2025-10-22T18:55:11-07:00,2,39
global.js,118,js,1a2192f0,derrickdollesin,2025-10-22,18:55:11,-07:00,2025-10-22T18:55:11-07:00,2,32
global.js,119,js,1a2192f0,derrickdollesin,2025-10-22,18:55:11,-07:00,2025-10-22T18:55:11-07:00,0,0
global.js,120,js,1a2192f0,derrickdollesin,2025-10-22,18:55:11,-07:00,2025-10-22T18:55:11-07:00,2,17
global.js,121,js,1a2192f0,derrickdollesin,2025-10-22,18:55:11,-07:00,2025-10-22T18:55:11-07:00,3,66
global.js,122,js,1a2192f0,derrickdollesin,2025-10-22,18:55:11,-07:00,2025-10-22T18:55:11-07:00,2,0
global.js,123,js,1a2192f0,derrickdollesin,2025-10-22,18:55:11,-07:00,2025-10-22T18:55:11-07:00,2,0
global.js,124,js,1a2192f0,derrickdollesin,2025-10-22,18:55:11,-07:00,2025-10-22T18:55:11-07:00,2,33
global.js,125,js,1a2192f0,derrickdollesin,2025-10-22,18:55:11,-07:00,2025-10-22T18:55:11-07:00,0,0
global.js,126,js,1a2192f0,derrickdollesin,2025-10-22,18:55:11,-07:00,2025-10-22T18:55:11-07:00,2,10
global.js,127,js,1a2192f0,derrickdollesin,2025-10-22,18:55:11,-07:00,2025-10-22T18:55:11-07:00,1,15
global.js,128,js,1a2192f0,derrickdollesin,2025-10-22,18:55:11,-07:00,2025-10-22T18:55:11-07:00,2,59
global.js,129,js,1a2192f0,derrickdollesin,2025-10-22,18:55:11,-07:00,2025-10-22T18:55:11-07:00,1,0
global.js,130,js,1a2192f0,derrickdollesin,2025-10-22,18:55:11,-07:00,2025-10-22T18:55:11-07:00,0,0
global.js,131,js,1a2192f0,derrickdollesin,2025-10-22,18:55:11,-07:00,2025-10-22T18:55:11-07:00,0,0
global.js,132,js,1a2192f0,derrickdollesin,2025-10-22,18:55:11,-07:00,2025-10-22T18:55:11-07:00,0,78
global.js,133,js,1a2192f0,derrickdollesin,2025-10-22,18:55:11,-07:00,2025-10-22T18:55:11-07:00,1,23
global.js,134,js,1a2192f0,derrickdollesin,2025-10-22,18:55:11,-07:00,2025-10-22T18:55:11-07:00,1,0
global.js,135,js,1a2192f0,derrickdollesin,2025-10-22,18:55:11,-07:00,2025-10-22T18:55:11-07:00,1,30
global.js,136,js,1a2192f0,derrickdollesin,2025-10-22,18:55:11,-07:00,2025-10-22T18:55:11-07:00,0,0
global.js,137,js,1a2192f0,derrickdollesin,2025-10-22,18:55:11,-07:00,2025-10-22T18:55:11-07:00,1,24
global.js,138,js,1a2192f0,derrickdollesin,2025-10-22,18:55:11,-07:00,2025-10-22T18:55:11-07:00,2,48
global.js,139,js,1a2192f0,derrickdollesin,2025-10-22,18:55:11,-07:00,2025-10-22T18:55:11-07:00,0,0
global.js,140,js,1a2192f0,derrickdollesin,2025-10-22,18:55:11,-07:00,2025-10-22T18:55:11-07:00,2,19
global.js,141,js,1a2192f0,derrickdollesin,2025-10-22,18:55:11,-07:00,2025-10-22T18:55:11-07:00,4,43
global.js,142,js,1a2192f0,derrickdollesin,2025-10-22,18:55:11,-07:00,2025-10-22T18:55:11-07:00,4,37
global.js,143,js,1a2192f0,derrickdollesin,2025-10-22,18:55:11,-07:00,2025-10-22T18:55:11-07:00,4,21
global.js,144,js,11c6619e,derrickdollesin,2025-10-31,13:39:15,-07:00,2025-10-31T13:39:15-07:00,4,43
global.js,145,js,1a2192f0,derrickdollesin,2025-10-22,18:55:11,-07:00,2025-10-22T18:55:11-07:00,2,0
global.js,146,js,1a2192f0,derrickdollesin,2025-10-22,18:55:11,-07:00,2025-10-22T18:55:11-07:00,0,0
global.js,147,js,1a2192f0,derrickdollesin,2025-10-22,18:55:11,-07:00,2025-10-22T18:55:11-07:00,2,36
global.js,148,js,1a2192f0,derrickdollesin,2025-10-22,18:55:11,-07:00,2025-10-22T18:55:11-07:00,1,0
global.js,149,js,1a2192f0,derrickdollesin,2025-10-22,18:55:11,-07:00,2025-10-22T18:55:11-07:00,0,0
global.js,150,js,fd720d69,derrickdollesin,2025-10-24,15:57:38,-07:00,2025-10-24T15:57:38-07:00,0,0
global.js,151,js,fd720d69,derrickdollesin,2025-10-24,15:57:38,-07:00,2025-10-24T15:57:38-07:00,0,0
global.js,152,js,fd720d69,derrickdollesin,2025-10-24,15:57:38,-07:00,2025-10-24T15:57:38-07:00,0,10
global.js,153,js,fd720d69,derrickdollesin,2025-10-24,15:57:38,-07:00,2025-10-24T15:57:38-07:00,0,47
global.js,154,js,fd720d69,derrickdollesin,2025-10-24,15:57:38,-07:00,2025-10-24T15:57:38-07:00,1,22
global.js,155,js,fd720d69,derrickdollesin,2025-10-24,15:57:38,-07:00,2025-10-24T15:57:38-07:00,1,59
global.js,156,js,fd720d69,derrickdollesin,2025-10-24,15:57:38,-07:00,2025-10-24T15:57:38-07:00,0,0
global.js,157,js,fd720d69,derrickdollesin,2025-10-24,15:57:38,-07:00,2025-10-24T15:57:38-07:00,0,0
global.js,158,js,fd720d69,derrickdollesin,2025-10-24,15:57:38,-07:00,2025-10-24T15:57:38-07:00,0,0
resume\index.html,1,html,2aa8832c,derrickdollesin,2025-10-02,20:35:57,-07:00,2025-10-02T20:35:57-07:00,0,13
resume\index.html,2,html,2aa8832c,derrickdollesin,2025-10-02,20:35:57,-07:00,2025-10-02T20:35:57-07:00,0,14
resume\index.html,3,html,2aa8832c,derrickdollesin,2025-10-02,20:35:57,-07:00,2025-10-02T20:35:57-07:00,0,4
resume\index.html,4,html,2aa8832c,derrickdollesin,2025-10-02,20:35:57,-07:00,2025-10-02T20:35:57-07:00,2,20
resume\index.html,5,html,2aa8832c,derrickdollesin,2025-10-02,20:35:57,-07:00,2025-10-02T20:35:57-07:00,2,68
resume\index.html,6,html,2aa8832c,derrickdollesin,2025-10-02,20:35:57,-07:00,2025-10-02T20:35:57-07:00,2,19
resume\index.html,7,html,2aa8832c,derrickdollesin,2025-10-02,20:35:57,-07:00,2025-10-02T20:35:57-07:00,2,41
resume\index.html,8,html,2aa8832c,derrickdollesin,2025-10-02,20:35:57,-07:00,2025-10-02T20:35:57-07:00,0,5
resume\index.html,9,html,2aa8832c,derrickdollesin,2025-10-02,20:35:57,-07:00,2025-10-02T20:35:57-07:00,0,4
resume\index.html,10,html,2aa8832c,derrickdollesin,2025-10-02,20:35:57,-07:00,2025-10-02T20:35:57-07:00,2,18
resume\index.html,11,html,05c0f9f1,derrickdollesin,2025-10-10,20:25:32,-07:00,2025-10-10T20:25:32-07:00,4,13
resume\index.html,12,html,05c0f9f1,derrickdollesin,2025-10-10,20:25:32,-07:00,2025-10-10T20:25:32-07:00,0,0
resume\index.html,13,html,05c0f9f1,derrickdollesin,2025-10-10,20:25:32,-07:00,2025-10-10T20:25:32-07:00,2,0
resume\index.html,14,html,2aa8832c,derrickdollesin,2025-10-02,20:35:57,-07:00,2025-10-02T20:35:57-07:00,2,4
resume\index.html,15,html,2aa8832c,derrickdollesin,2025-10-02,20:35:57,-07:00,2025-10-02T20:35:57-07:00,0,0
resume\index.html,16,html,2aa8832c,derrickdollesin,2025-10-02,20:35:57,-07:00,2025-10-02T20:35:57-07:00,2,18
resume\index.html,17,html,2aa8832c,derrickdollesin,2025-10-02,20:35:57,-07:00,2025-10-02T20:35:57-07:00,4,25
resume\index.html,18,html,2aa8832c,derrickdollesin,2025-10-02,20:35:57,-07:00,2025-10-02T20:35:57-07:00,6,16
resume\index.html,19,html,2aa8832c,derrickdollesin,2025-10-02,20:35:57,-07:00,2025-10-02T20:35:57-07:00,0,0
resume\index.html,20,html,2aa8832c,derrickdollesin,2025-10-02,20:35:57,-07:00,2025-10-02T20:35:57-07:00,6,7
resume\index.html,21,html,2aa8832c,derrickdollesin,2025-10-02,20:35:57,-07:00,2025-10-02T20:35:57-07:00,8,49
resume\index.html,22,html,2aa8832c,derrickdollesin,2025-10-02,20:35:57,-07:00,2025-10-02T20:35:57-07:00,8,2
resume\index.html,23,html,2aa8832c,derrickdollesin,2025-10-02,20:35:57,-07:00,2025-10-02T20:35:57-07:00,8,35
resume\index.html,24,html,2aa8832c,derrickdollesin,2025-10-02,20:35:57,-07:00,2025-10-02T20:35:57-07:00,8,2
resume\index.html,25,html,2aa8832c,derrickdollesin,2025-10-02,20:35:57,-07:00,2025-10-02T20:35:57-07:00,8,18
resume\index.html,26,html,2aa8832c,derrickdollesin,2025-10-02,20:35:57,-07:00,2025-10-02T20:35:57-07:00,8,2
resume\index.html,27,html,2aa8832c,derrickdollesin,2025-10-02,20:35:57,-07:00,2025-10-02T20:35:57-07:00,8,24
resume\index.html,28,html,2aa8832c,derrickdollesin,2025-10-02,20:35:57,-07:00,2025-10-02T20:35:57-07:00,6,8
resume\index.html,29,html,2aa8832c,derrickdollesin,2025-10-02,20:35:57,-07:00,2025-10-02T20:35:57-07:00,6,2
resume\index.html,30,html,2aa8832c,derrickdollesin,2025-10-02,20:35:57,-07:00,2025-10-02T20:35:57-07:00,6,7
resume\index.html,31,html,2aa8832c,derrickdollesin,2025-10-02,20:35:57,-07:00,2025-10-02T20:35:57-07:00,8,29
resume\index.html,32,html,2aa8832c,derrickdollesin,2025-10-02,20:35:57,-07:00,2025-10-02T20:35:57-07:00,8,2
resume\index.html,33,html,2aa8832c,derrickdollesin,2025-10-02,20:35:57,-07:00,2025-10-02T20:35:57-07:00,8,34
resume\index.html,34,html,2aa8832c,derrickdollesin,2025-10-02,20:35:57,-07:00,2025-10-02T20:35:57-07:00,8,2
resume\index.html,35,html,2aa8832c,derrickdollesin,2025-10-02,20:35:57,-07:00,2025-10-02T20:35:57-07:00,8,17
resume\index.html,36,html,2aa8832c,derrickdollesin,2025-10-02,20:35:57,-07:00,2025-10-02T20:35:57-07:00,8,2
resume\index.html,37,html,2aa8832c,derrickdollesin,2025-10-02,20:35:57,-07:00,2025-10-02T20:35:57-07:00,8,20
resume\index.html,38,html,2aa8832c,derrickdollesin,2025-10-02,20:35:57,-07:00,2025-10-02T20:35:57-07:00,6,8
resume\index.html,39,html,2aa8832c,derrickdollesin,2025-10-02,20:35:57,-07:00,2025-10-02T20:35:57-07:00,4,8
resume\index.html,40,html,2aa8832c,derrickdollesin,2025-10-02,20:35:57,-07:00,2025-10-02T20:35:57-07:00,0,0
resume\index.html,41,html,2aa8832c,derrickdollesin,2025-10-02,20:35:57,-07:00,2025-10-02T20:35:57-07:00,4,26
resume\index.html,42,html,2aa8832c,derrickdollesin,2025-10-02,20:35:57,-07:00,2025-10-02T20:35:57-07:00,6,17
resume\index.html,43,html,2aa8832c,derrickdollesin,2025-10-02,20:35:57,-07:00,2025-10-02T20:35:57-07:00,0,0
resume\index.html,44,html,05c0f9f1,derrickdollesin,2025-10-10,20:25:32,-07:00,2025-10-10T20:25:32-07:00,6,7
resume\index.html,45,html,05c0f9f1,derrickdollesin,2025-10-10,20:25:32,-07:00,2025-10-10T20:25:32-07:00,8,44
resume\index.html,46,html,05c0f9f1,derrickdollesin,2025-10-10,20:25:32,-07:00,2025-10-10T20:25:32-07:00,8,2
resume\index.html,47,html,05c0f9f1,derrickdollesin,2025-10-10,20:25:32,-07:00,2025-10-10T20:25:32-07:00,8,16
resume\index.html,48,html,05c0f9f1,derrickdollesin,2025-10-10,20:25:32,-07:00,2025-10-10T20:25:32-07:00,8,2
resume\index.html,49,html,05c0f9f1,derrickdollesin,2025-10-10,20:25:32,-07:00,2025-10-10T20:25:32-07:00,8,20
resume\index.html,50,html,05c0f9f1,derrickdollesin,2025-10-10,20:25:32,-07:00,2025-10-10T20:25:32-07:00,8,0
resume\index.html,51,html,05c0f9f1,derrickdollesin,2025-10-10,20:25:32,-07:00,2025-10-10T20:25:32-07:00,8,2
resume\index.html,52,html,05c0f9f1,derrickdollesin,2025-10-10,20:25:32,-07:00,2025-10-10T20:25:32-07:00,10,66
resume\index.html,53,html,05c0f9f1,derrickdollesin,2025-10-10,20:25:32,-07:00,2025-10-10T20:25:32-07:00,8,3
resume\index.html,54,html,05c0f9f1,derrickdollesin,2025-10-10,20:25:32,-07:00,2025-10-10T20:25:32-07:00,0,0
resume\index.html,55,html,05c0f9f1,derrickdollesin,2025-10-10,20:25:32,-07:00,2025-10-10T20:25:32-07:00,6,8
resume\index.html,56,html,05c0f9f1,derrickdollesin,2025-10-10,20:25:32,-07:00,2025-10-10T20:25:32-07:00,0,0
resume\index.html,57,html,2aa8832c,derrickdollesin,2025-10-02,20:35:57,-07:00,2025-10-02T20:35:57-07:00,6,7
resume\index.html,58,html,2aa8832c,derrickdollesin,2025-10-02,20:35:57,-07:00,2025-10-02T20:35:57-07:00,8,45
resume\index.html,59,html,2aa8832c,derrickdollesin,2025-10-02,20:35:57,-07:00,2025-10-02T20:35:57-07:00,8,2
resume\index.html,60,html,2aa8832c,derrickdollesin,2025-10-02,20:35:57,-07:00,2025-10-02T20:35:57-07:00,8,16
resume\index.html,61,html,2aa8832c,derrickdollesin,2025-10-02,20:35:57,-07:00,2025-10-02T20:35:57-07:00,8,2
resume\index.html,62,html,2aa8832c,derrickdollesin,2025-10-02,20:35:57,-07:00,2025-10-02T20:35:57-07:00,8,21
resume\index.html,63,html,2aa8832c,derrickdollesin,2025-10-02,20:35:57,-07:00,2025-10-02T20:35:57-07:00,8,2
resume\index.html,64,html,2aa8832c,derrickdollesin,2025-10-02,20:35:57,-07:00,2025-10-02T20:35:57-07:00,10,141
resume\index.html,65,html,2aa8832c,derrickdollesin,2025-10-02,20:35:57,-07:00,2025-10-02T20:35:57-07:00,0,51
resume\index.html,66,html,2aa8832c,derrickdollesin,2025-10-02,20:35:57,-07:00,2025-10-02T20:35:57-07:00,10,147
resume\index.html,67,html,2aa8832c,derrickdollesin,2025-10-02,20:35:57,-07:00,2025-10-02T20:35:57-07:00,0,14
resume\index.html,68,html,2aa8832c,derrickdollesin,2025-10-02,20:35:57,-07:00,2025-10-02T20:35:57-07:00,10,141
resume\index.html,69,html,2aa8832c,derrickdollesin,2025-10-02,20:35:57,-07:00,2025-10-02T20:35:57-07:00,0,26
resume\index.html,70,html,2aa8832c,derrickdollesin,2025-10-02,20:35:57,-07:00,2025-10-02T20:35:57-07:00,10,151
resume\index.html,71,html,2aa8832c,derrickdollesin,2025-10-02,20:35:57,-07:00,2025-10-02T20:35:57-07:00,0,25
resume\index.html,72,html,2aa8832c,derrickdollesin,2025-10-02,20:35:57,-07:00,2025-10-02T20:35:57-07:00,10,153
resume\index.html,73,html,2aa8832c,derrickdollesin,2025-10-02,20:35:57,-07:00,2025-10-02T20:35:57-07:00,0,44
resume\index.html,74,html,2aa8832c,derrickdollesin,2025-10-02,20:35:57,-07:00,2025-10-02T20:35:57-07:00,8,3
resume\index.html,75,html,2aa8832c,derrickdollesin,2025-10-02,20:35:57,-07:00,2025-10-02T20:35:57-07:00,6,8
resume\index.html,76,html,2aa8832c,derrickdollesin,2025-10-02,20:35:57,-07:00,2025-10-02T20:35:57-07:00,4,8
resume\index.html,77,html,2aa8832c,derrickdollesin,2025-10-02,20:35:57,-07:00,2025-10-02T20:35:57-07:00,2,4
resume\index.html,78,html,677198e8,derrickdollesin,2025-10-17,17:45:50,-07:00,2025-10-17T17:45:50-07:00,2,48
resume\index.html,79,html,2aa8832c,derrickdollesin,2025-10-02,20:35:57,-07:00,2025-10-02T20:35:57-07:00,0,5
resume\index.html,80,html,2aa8832c,derrickdollesin,2025-10-02,20:35:57,-07:00,2025-10-02T20:35:57-07:00,0,5
projects\projects.js,1,js,1a2192f0,derrickdollesin,2025-10-22,18:55:11,-07:00,2025-10-22T18:55:11-07:00,0,55
projects\projects.js,2,js,1a2192f0,derrickdollesin,2025-10-22,18:55:11,-07:00,2025-10-22T18:55:11-07:00,0,0
projects\projects.js,3,js,1a2192f0,derrickdollesin,2025-10-22,18:55:11,-07:00,2025-10-22T18:55:11-07:00,0,55
projects\projects.js,4,js,1a2192f0,derrickdollesin,2025-10-22,18:55:11,-07:00,2025-10-22T18:55:11-07:00,0,60
projects\projects.js,5,js,1a2192f0,derrickdollesin,2025-10-22,18:55:11,-07:00,2025-10-22T18:55:11-07:00,0,61
projects\projects.js,6,js,1a2192f0,derrickdollesin,2025-10-22,18:55:11,-07:00,2025-10-22T18:55:11-07:00,0,0
projects\projects.js,7,js,1a2192f0,derrickdollesin,2025-10-22,18:55:11,-07:00,2025-10-22T18:55:11-07:00,0,48
projects\projects.js,8,js,1a2192f0,derrickdollesin,2025-10-22,18:55:11,-07:00,2025-10-22T18:55:11-07:00,0,0
projects\projects.js,9,js,1a2192f0,derrickdollesin,2025-10-22,18:55:11,-07:00,2025-10-22T18:55:11-07:00,0,44
projects\projects.js,10,js,1a2192f0,derrickdollesin,2025-10-22,18:55:11,-07:00,2025-10-22T18:55:11-07:00,1,55
projects\projects.js,11,js,11c6619e,derrickdollesin,2025-10-31,13:39:15,-07:00,2025-10-31T13:39:15-07:00,0,0
projects\projects.js,12,js,11c6619e,derrickdollesin,2025-10-31,13:39:15,-07:00,2025-10-31T13:39:15-07:00,0,0
projects\projects.js,13,js,11c6619e,derrickdollesin,2025-10-31,13:39:15,-07:00,2025-10-31T13:39:15-07:00,0,63
projects\projects.js,14,js,11c6619e,derrickdollesin,2025-10-31,13:39:15,-07:00,2025-10-31T13:39:15-07:00,0,0
projects\projects.js,15,js,11c6619e,derrickdollesin,2025-10-31,13:39:15,-07:00,2025-10-31T13:39:15-07:00,0,38
projects\projects.js,16,js,11c6619e,derrickdollesin,2025-10-31,13:39:15,-07:00,2025-10-31T13:39:15-07:00,1,26
projects\projects.js,17,js,11c6619e,derrickdollesin,2025-10-31,13:39:15,-07:00,2025-10-31T13:39:15-07:00,2,12
projects\projects.js,18,js,11c6619e,derrickdollesin,2025-10-31,13:39:15,-07:00,2025-10-31T13:39:15-07:00,2,14
projects\projects.js,19,js,11c6619e,derrickdollesin,2025-10-31,13:39:15,-07:00,2025-10-31T13:39:15-07:00,2,12
projects\projects.js,20,js,11c6619e,derrickdollesin,2025-10-31,13:39:15,-07:00,2025-10-31T13:39:15-07:00,1,0
projects\projects.js,21,js,11c6619e,derrickdollesin,2025-10-31,13:39:15,-07:00,2025-10-31T13:39:15-07:00,0,0
projects\projects.js,22,js,11c6619e,derrickdollesin,2025-10-31,13:39:15,-07:00,2025-10-31T13:39:15-07:00,1,44
projects\projects.js,23,js,11c6619e,derrickdollesin,2025-10-31,13:39:15,-07:00,2025-10-31T13:39:15-07:00,2,35
projects\projects.js,24,js,11c6619e,derrickdollesin,2025-10-31,13:39:15,-07:00,2025-10-31T13:39:15-07:00,1,1
projects\projects.js,25,js,11c6619e,derrickdollesin,2025-10-31,13:39:15,-07:00,2025-10-31T13:39:15-07:00,0,0
projects\projects.js,26,js,11c6619e,derrickdollesin,2025-10-31,13:39:15,-07:00,2025-10-31T13:39:15-07:00,1,57
projects\projects.js,27,js,11c6619e,derrickdollesin,2025-10-31,13:39:15,-07:00,2025-10-31T13:39:15-07:00,1,47
projects\projects.js,28,js,11c6619e,derrickdollesin,2025-10-31,13:39:15,-07:00,2025-10-31T13:39:15-07:00,1,50
projects\projects.js,29,js,11c6619e,derrickdollesin,2025-10-31,13:39:15,-07:00,2025-10-31T13:39:15-07:00,1,33
projects\projects.js,30,js,11c6619e,derrickdollesin,2025-10-31,13:39:15,-07:00,2025-10-31T13:39:15-07:00,1,45
projects\projects.js,31,js,11c6619e,derrickdollesin,2025-10-31,13:39:15,-07:00,2025-10-31T13:39:15-07:00,0,0
projects\projects.js,32,js,11c6619e,derrickdollesin,2025-10-31,13:39:15,-07:00,2025-10-31T13:39:15-07:00,1,28
projects\projects.js,33,js,11c6619e,derrickdollesin,2025-10-31,13:39:15,-07:00,2025-10-31T13:39:15-07:00,1,32
projects\projects.js,34,js,11c6619e,derrickdollesin,2025-10-31,13:39:15,-07:00,2025-10-31T13:39:15-07:00,1,35
projects\projects.js,35,js,11c6619e,derrickdollesin,2025-10-31,13:39:15,-07:00,2025-10-31T13:39:15-07:00,1,33
projects\projects.js,36,js,11c6619e,derrickdollesin,2025-10-31,13:39:15,-07:00,2025-10-31T13:39:15-07:00,0,0
projects\projects.js,37,js,11c6619e,derrickdollesin,2025-10-31,13:39:15,-07:00,2025-10-31T13:39:15-07:00,1,21
projects\projects.js,38,js,11c6619e,derrickdollesin,2025-10-31,13:39:15,-07:00,2025-10-31T13:39:15-07:00,0,0
projects\projects.js,39,js,11c6619e,derrickdollesin,2025-10-31,13:39:15,-07:00,2025-10-31T13:39:15-07:00,1,25
projects\projects.js,40,js,11c6619e,derrickdollesin,2025-10-31,13:39:15,-07:00,2025-10-31T13:39:15-07:00,1,29
projects\projects.js,41,js,11c6619e,derrickdollesin,2025-10-31,13:39:15,-07:00,2025-10-31T13:39:15-07:00,1,24
projects\projects.js,42,js,11c6619e,derrickdollesin,2025-10-31,13:39:15,-07:00,2025-10-31T13:39:15-07:00,2,1
projects\projects.js,43,js,11c6619e,derrickdollesin,2025-10-31,13:39:15,-07:00,2025-10-31T13:39:15-07:00,3,13
projects\projects.js,44,js,11c6619e,derrickdollesin,2025-10-31,13:39:15,-07:00,2025-10-31T13:39:15-07:00,3,13
projects\projects.js,45,js,11c6619e,derrickdollesin,2025-10-31,13:39:15,-07:00,2025-10-31T13:39:15-07:00,3,22
projects\projects.js,46,js,11c6619e,derrickdollesin,2025-10-31,13:39:15,-07:00,2025-10-31T13:39:15-07:00,3,18
projects\projects.js,47,js,11c6619e,derrickdollesin,2025-10-31,13:39:15,-07:00,2025-10-31T13:39:15-07:00,4,43
projects\projects.js,48,js,11c6619e,derrickdollesin,2025-10-31,13:39:15,-07:00,2025-10-31T13:39:15-07:00,0,0
projects\projects.js,49,js,11c6619e,derrickdollesin,2025-10-31,13:39:15,-07:00,2025-10-31T13:39:15-07:00,4,1
projects\projects.js,50,js,11c6619e,derrickdollesin,2025-10-31,13:39:15,-07:00,2025-10-31T13:39:15-07:00,5,16
projects\projects.js,51,js,11c6619e,derrickdollesin,2025-10-31,13:39:15,-07:00,2025-10-31T13:39:15-07:00,5,26
projects\projects.js,52,js,11c6619e,derrickdollesin,2025-10-31,13:39:15,-07:00,2025-10-31T13:39:15-07:00,6,68
projects\projects.js,53,js,11c6619e,derrickdollesin,2025-10-31,13:39:15,-07:00,2025-10-31T13:39:15-07:00,6,39
projects\projects.js,54,js,11c6619e,derrickdollesin,2025-10-31,13:39:15,-07:00,2025-10-31T13:39:15-07:00,5,1
projects\projects.js,55,js,11c6619e,derrickdollesin,2025-10-31,13:39:15,-07:00,2025-10-31T13:39:15-07:00,0,0
projects\projects.js,56,js,11c6619e,derrickdollesin,2025-10-31,13:39:15,-07:00,2025-10-31T13:39:15-07:00,4,4
projects\projects.js,57,js,11c6619e,derrickdollesin,2025-10-31,13:39:15,-07:00,2025-10-31T13:39:15-07:00,5,14
projects\projects.js,58,js,11c6619e,derrickdollesin,2025-10-31,13:39:15,-07:00,2025-10-31T13:39:15-07:00,5,26
projects\projects.js,59,js,11c6619e,derrickdollesin,2025-10-31,13:39:15,-07:00,2025-10-31T13:39:15-07:00,6,65
projects\projects.js,60,js,11c6619e,derrickdollesin,2025-10-31,13:39:15,-07:00,2025-10-31T13:39:15-07:00,6,52
projects\projects.js,61,js,11c6619e,derrickdollesin,2025-10-31,13:39:15,-07:00,2025-10-31T13:39:15-07:00,5,1
projects\projects.js,62,js,11c6619e,derrickdollesin,2025-10-31,13:39:15,-07:00,2025-10-31T13:39:15-07:00,0,0
projects\projects.js,63,js,11c6619e,derrickdollesin,2025-10-31,13:39:15,-07:00,2025-10-31T13:39:15-07:00,4,25
projects\projects.js,64,js,11c6619e,derrickdollesin,2025-10-31,13:39:15,-07:00,2025-10-31T13:39:15-07:00,5,47
projects\projects.js,65,js,11c6619e,derrickdollesin,2025-10-31,13:39:15,-07:00,2025-10-31T13:39:15-07:00,5,53
projects\projects.js,66,js,11c6619e,derrickdollesin,2025-10-31,13:39:15,-07:00,2025-10-31T13:39:15-07:00,4,6
projects\projects.js,67,js,11c6619e,derrickdollesin,2025-10-31,13:39:15,-07:00,2025-10-31T13:39:15-07:00,5,46
projects\projects.js,68,js,11c6619e,derrickdollesin,2025-10-31,13:39:15,-07:00,2025-10-31T13:39:15-07:00,5,45
projects\projects.js,69,js,11c6619e,derrickdollesin,2025-10-31,13:39:15,-07:00,2025-10-31T13:39:15-07:00,5,82
projects\projects.js,70,js,11c6619e,derrickdollesin,2025-10-31,13:39:15,-07:00,2025-10-31T13:39:15-07:00,0,0
projects\projects.js,71,js,11c6619e,derrickdollesin,2025-10-31,13:39:15,-07:00,2025-10-31T13:39:15-07:00,5,48
projects\projects.js,72,js,11c6619e,derrickdollesin,2025-10-31,13:39:15,-07:00,2025-10-31T13:39:15-07:00,4,0
projects\projects.js,73,js,11c6619e,derrickdollesin,2025-10-31,13:39:15,-07:00,2025-10-31T13:39:15-07:00,3,1
projects\projects.js,74,js,11c6619e,derrickdollesin,2025-10-31,13:39:15,-07:00,2025-10-31T13:39:15-07:00,1,1
projects\projects.js,75,js,11c6619e,derrickdollesin,2025-10-31,13:39:15,-07:00,2025-10-31T13:39:15-07:00,0,0
projects\projects.js,76,js,11c6619e,derrickdollesin,2025-10-31,13:39:15,-07:00,2025-10-31T13:39:15-07:00,1,32
projects\projects.js,77,js,11c6619e,derrickdollesin,2025-10-31,13:39:15,-07:00,2025-10-31T13:39:15-07:00,1,24
projects\projects.js,78,js,11c6619e,derrickdollesin,2025-10-31,13:39:15,-07:00,2025-10-31T13:39:15-07:00,2,4
projects\projects.js,79,js,11c6619e,derrickdollesin,2025-10-31,13:39:15,-07:00,2025-10-31T13:39:15-07:00,3,11
projects\projects.js,80,js,11c6619e,derrickdollesin,2025-10-31,13:39:15,-07:00,2025-10-31T13:39:15-07:00,3,93
projects\projects.js,81,js,11c6619e,derrickdollesin,2025-10-31,13:39:15,-07:00,2025-10-31T13:39:15-07:00,3,23
projects\projects.js,82,js,11c6619e,derrickdollesin,2025-10-31,13:39:15,-07:00,2025-10-31T13:39:15-07:00,3,99
projects\projects.js,83,js,11c6619e,derrickdollesin,2025-10-31,13:39:15,-07:00,2025-10-31T13:39:15-07:00,1,1
projects\projects.js,84,js,11c6619e,derrickdollesin,2025-10-31,13:39:15,-07:00,2025-10-31T13:39:15-07:00,0,0
projects\projects.js,85,js,11c6619e,derrickdollesin,2025-10-31,13:39:15,-07:00,2025-10-31T13:39:15-07:00,0,0
projects\projects.js,86,js,11c6619e,derrickdollesin,2025-10-31,13:39:15,-07:00,2025-10-31T13:39:15-07:00,0,22
projects\projects.js,87,js,11c6619e,derrickdollesin,2025-10-31,13:39:15,-07:00,2025-10-31T13:39:15-07:00,0,0
projects\projects.js,88,js,11c6619e,derrickdollesin,2025-10-31,13:39:15,-07:00,2025-10-31T13:39:15-07:00,0,13
projects\projects.js,89,js,11c6619e,derrickdollesin,2025-10-31,13:39:15,-07:00,2025-10-31T13:39:15-07:00,0,53
projects\projects.js,90,js,11c6619e,derrickdollesin,2025-10-31,13:39:15,-07:00,2025-10-31T13:39:15-07:00,0,48
projects\projects.js,91,js,11c6619e,derrickdollesin,2025-10-31,13:39:15,-07:00,2025-10-31T13:39:15-07:00,1,19
projects\projects.js,92,js,11c6619e,derrickdollesin,2025-10-31,13:39:15,-07:00,2025-10-31T13:39:15-07:00,1,25
projects\projects.js,93,js,11c6619e,derrickdollesin,2025-10-31,13:39:15,-07:00,2025-10-31T13:39:15-07:00,1,16
projects\projects.js,94,js,11c6619e,derrickdollesin,2025-10-31,13:39:15,-07:00,2025-10-31T13:39:15-07:00,1,51
projects\projects.js,95,js,11c6619e,derrickdollesin,2025-10-31,13:39:15,-07:00,2025-10-31T13:39:15-07:00,2,59
projects\projects.js,96,js,11c6619e,derrickdollesin,2025-10-31,13:39:15,-07:00,2025-10-31T13:39:15-07:00,2,42
projects\projects.js,97,js,11c6619e,derrickdollesin,2025-10-31,13:39:15,-07:00,2025-10-31T13:39:15-07:00,1,1
projects\projects.js,98,js,11c6619e,derrickdollesin,2025-10-31,13:39:15,-07:00,2025-10-31T13:39:15-07:00,1,25
projects\projects.js,99,js,11c6619e,derrickdollesin,2025-10-31,13:39:15,-07:00,2025-10-31T13:39:15-07:00,1,56
projects\projects.js,100,js,11c6619e,derrickdollesin,2025-10-31,13:39:15,-07:00,2025-10-31T13:39:15-07:00,1,31
projects\projects.js,101,js,11c6619e,derrickdollesin,2025-10-31,13:39:15,-07:00,2025-10-31T13:39:15-07:00,0,1
projects\projects.js,102,js,11c6619e,derrickdollesin,2025-10-31,13:39:15,-07:00,2025-10-31T13:39:15-07:00,0,0
projects\projects.js,103,js,11c6619e,derrickdollesin,2025-10-31,13:39:15,-07:00,2025-10-31T13:39:15-07:00,0,0
projects\projects.js,104,js,11c6619e,derrickdollesin,2025-10-31,13:39:15,-07:00,2025-10-31T13:39:15-07:00,0,0
projects\projects.js,105,js,11c6619e,derrickdollesin,2025-10-31,13:39:15,-07:00,2025-10-31T13:39:15-07:00,0,0
projects\index.html,1,html,2aa8832c,derrickdollesin,2025-10-02,20:35:57,-07:00,2025-10-02T20:35:57-07:00,0,13
projects\index.html,2,html,2aa8832c,derrickdollesin,2025-10-02,20:35:57,-07:00,2025-10-02T20:35:57-07:00,0,14
projects\index.html,3,html,2aa8832c,derrickdollesin,2025-10-02,20:35:57,-07:00,2025-10-02T20:35:57-07:00,0,4
projects\index.html,4,html,2aa8832c,derrickdollesin,2025-10-02,20:35:57,-07:00,2025-10-02T20:35:57-07:00,2,20
projects\index.html,5,html,2aa8832c,derrickdollesin,2025-10-02,20:35:57,-07:00,2025-10-02T20:35:57-07:00,2,68
projects\index.html,6,html,2aa8832c,derrickdollesin,2025-10-02,20:35:57,-07:00,2025-10-02T20:35:57-07:00,2,21
projects\index.html,7,html,2aa8832c,derrickdollesin,2025-10-02,20:35:57,-07:00,2025-10-02T20:35:57-07:00,2,41
projects\index.html,8,html,2aa8832c,derrickdollesin,2025-10-02,20:35:57,-07:00,2025-10-02T20:35:57-07:00,0,5
projects\index.html,9,html,2aa8832c,derrickdollesin,2025-10-02,20:35:57,-07:00,2025-10-02T20:35:57-07:00,0,4
projects\index.html,10,html,2aa8832c,derrickdollesin,2025-10-02,20:35:57,-07:00,2025-10-02T20:35:57-07:00,2,18
projects\index.html,11,html,1a2192f0,derrickdollesin,2025-10-22,18:55:11,-07:00,2025-10-22T18:55:11-07:00,4,38
projects\index.html,12,html,1a2192f0,derrickdollesin,2025-10-22,18:55:11,-07:00,2025-10-22T18:55:11-07:00,0,0
projects\index.html,13,html,11c6619e,derrickdollesin,2025-10-31,13:39:15,-07:00,2025-10-31T13:39:15-07:00,4,21
projects\index.html,14,html,11c6619e,derrickdollesin,2025-10-31,13:39:15,-07:00,2025-10-31T13:39:15-07:00,6,55
projects\index.html,15,html,11c6619e,derrickdollesin,2025-10-31,13:39:15,-07:00,2025-10-31T13:39:15-07:00,8,10
projects\index.html,16,html,11c6619e,derrickdollesin,2025-10-31,13:39:15,-07:00,2025-10-31T13:39:15-07:00,6,4
projects\index.html,17,html,11c6619e,derrickdollesin,2025-10-31,13:39:15,-07:00,2025-10-31T13:39:15-07:00,6,17
projects\index.html,18,html,11c6619e,derrickdollesin,2025-10-31,13:39:15,-07:00,2025-10-31T13:39:15-07:00,8,10
projects\index.html,19,html,11c6619e,derrickdollesin,2025-10-31,13:39:15,-07:00,2025-10-31T13:39:15-07:00,6,3
projects\index.html,20,html,11c6619e,derrickdollesin,2025-10-31,13:39:15,-07:00,2025-10-31T13:39:15-07:00,4,4
projects\index.html,21,html,11c6619e,derrickdollesin,2025-10-31,13:39:15,-07:00,2025-10-31T13:39:15-07:00,0,0
projects\index.html,22,html,11c6619e,derrickdollesin,2025-10-31,13:39:15,-07:00,2025-10-31T13:39:15-07:00,4,4
projects\index.html,23,html,11c6619e,derrickdollesin,2025-10-31,13:39:15,-07:00,2025-10-31T13:39:15-07:00,6,15
projects\index.html,24,html,11c6619e,derrickdollesin,2025-10-31,13:39:15,-07:00,2025-10-31T13:39:15-07:00,6,11
projects\index.html,25,html,11c6619e,derrickdollesin,2025-10-31,13:39:15,-07:00,2025-10-31T13:39:15-07:00,6,26
projects\index.html,26,html,11c6619e,derrickdollesin,2025-10-31,13:39:15,-07:00,2025-10-31T13:39:15-07:00,6,31
projects\index.html,27,html,11c6619e,derrickdollesin,2025-10-31,13:39:15,-07:00,2025-10-31T13:39:15-07:00,4,0
projects\index.html,28,html,11c6619e,derrickdollesin,2025-10-31,13:39:15,-07:00,2025-10-31T13:39:15-07:00,0,0
projects\index.html,29,html,1a2192f0,derrickdollesin,2025-10-22,18:55:11,-07:00,2025-10-22T18:55:11-07:00,4,26
projects\index.html,30,html,2aa8832c,derrickdollesin,2025-10-02,20:35:57,-07:00,2025-10-02T20:35:57-07:00,0,0
projects\index.html,31,html,2aa8832c,derrickdollesin,2025-10-02,20:35:57,-07:00,2025-10-02T20:35:57-07:00,2,4
projects\index.html,32,html,677198e8,derrickdollesin,2025-10-17,17:45:50,-07:00,2025-10-17T17:45:50-07:00,2,48
projects\index.html,33,html,1a2192f0,derrickdollesin,2025-10-22,18:55:11,-07:00,2025-10-22T18:55:11-07:00,2,47
projects\index.html,34,html,2aa8832c,derrickdollesin,2025-10-02,20:35:57,-07:00,2025-10-02T20:35:57-07:00,0,5
projects\index.html,35,html,2aa8832c,derrickdollesin,2025-10-02,20:35:57,-07:00,2025-10-02T20:35:57-07:00,0,5
contact\index.html,1,html,2aa8832c,derrickdollesin,2025-10-02,20:35:57,-07:00,2025-10-02T20:35:57-07:00,0,13
contact\index.html,2,html,2aa8832c,derrickdollesin,2025-10-02,20:35:57,-07:00,2025-10-02T20:35:57-07:00,0,14
contact\index.html,3,html,2aa8832c,derrickdollesin,2025-10-02,20:35:57,-07:00,2025-10-02T20:35:57-07:00,0,4
contact\index.html,4,html,2aa8832c,derrickdollesin,2025-10-02,20:35:57,-07:00,2025-10-02T20:35:57-07:00,2,20
contact\index.html,5,html,2aa8832c,derrickdollesin,2025-10-02,20:35:57,-07:00,2025-10-02T20:35:57-07:00,2,68
contact\index.html,6,html,2aa8832c,derrickdollesin,2025-10-02,20:35:57,-07:00,2025-10-02T20:35:57-07:00,2,20
contact\index.html,7,html,2aa8832c,derrickdollesin,2025-10-02,20:35:57,-07:00,2025-10-02T20:35:57-07:00,2,41
contact\index.html,8,html,2aa8832c,derrickdollesin,2025-10-02,20:35:57,-07:00,2025-10-02T20:35:57-07:00,0,5
contact\index.html,9,html,2aa8832c,derrickdollesin,2025-10-02,20:35:57,-07:00,2025-10-02T20:35:57-07:00,0,4
contact\index.html,10,html,2aa8832c,derrickdollesin,2025-10-02,20:35:57,-07:00,2025-10-02T20:35:57-07:00,2,18
contact\index.html,11,html,05c0f9f1,derrickdollesin,2025-10-10,20:25:32,-07:00,2025-10-10T20:25:32-07:00,4,14
contact\index.html,12,html,05c0f9f1,derrickdollesin,2025-10-10,20:25:32,-07:00,2025-10-10T20:25:32-07:00,0,0
contact\index.html,13,html,2aa8832c,derrickdollesin,2025-10-02,20:35:57,-07:00,2025-10-02T20:35:57-07:00,2,4
contact\index.html,14,html,2aa8832c,derrickdollesin,2025-10-02,20:35:57,-07:00,2025-10-02T20:35:57-07:00,0,0
contact\index.html,15,html,2aa8832c,derrickdollesin,2025-10-02,20:35:57,-07:00,2025-10-02T20:35:57-07:00,2,22
contact\index.html,16,html,677198e8,derrickdollesin,2025-10-17,17:45:50,-07:00,2025-10-17T17:45:50-07:00,4,59
contact\index.html,17,html,05c0f9f1,derrickdollesin,2025-10-10,20:25:32,-07:00,2025-10-10T20:25:32-07:00,6,43
contact\index.html,18,html,05c0f9f1,derrickdollesin,2025-10-10,20:25:32,-07:00,2025-10-10T20:25:32-07:00,6,0
contact\index.html,19,html,05c0f9f1,derrickdollesin,2025-10-10,20:25:32,-07:00,2025-10-10T20:25:32-07:00,0,0
contact\index.html,20,html,05c0f9f1,derrickdollesin,2025-10-10,20:25:32,-07:00,2025-10-10T20:25:32-07:00,6,51
contact\index.html,21,html,05c0f9f1,derrickdollesin,2025-10-10,20:25:32,-07:00,2025-10-10T20:25:32-07:00,6,0
contact\index.html,22,html,05c0f9f1,derrickdollesin,2025-10-10,20:25:32,-07:00,2025-10-10T20:25:32-07:00,0,0
contact\index.html,23,html,2aa8832c,derrickdollesin,2025-10-02,20:35:57,-07:00,2025-10-02T20:35:57-07:00,6,21
contact\index.html,24,html,2aa8832c,derrickdollesin,2025-10-02,20:35:57,-07:00,2025-10-02T20:35:57-07:00,4,5
contact\index.html,25,html,2aa8832c,derrickdollesin,2025-10-02,20:35:57,-07:00,2025-10-02T20:35:57-07:00,2,4
contact\index.html,26,html,677198e8,derrickdollesin,2025-10-17,17:45:50,-07:00,2025-10-17T17:45:50-07:00,2,48
contact\index.html,27,html,2aa8832c,derrickdollesin,2025-10-02,20:35:57,-07:00,2025-10-02T20:35:57-07:00,0,5
contact\index.html,28,html,2aa8832c,derrickdollesin,2025-10-02,20:35:57,-07:00,2025-10-02T20:35:57-07:00,0,5
